Date,Air Temperature Observed (degF) Start of Day Values,Precipitation Accumulation (in) Start of Day Values,Wind Speed Maximum (mph),Soil Temperature Observed -8in (degF) Start of Day Values,Soil Moisture Percent -8in (pct) Start of Day Values
1/1/10,29,20.1,31.6,34,38.9
1/2/10,32,20.4,14.7,34,38.8
1/3/10,35,20.4,15.3,34,38.9
1/4/10,41,20.4,17.7,34,38.8
1/5/10,36,20.4,14.6,34,38.9
1/6/10,37,20.4,5.9,34,38.9
1/7/10,35,20.4,4.9,34,38.9
1/8/10,34,20.4,23.7,34,38.9
1/9/10,37,20.6,21.4,34,38.9
1/10/10,36,20.7,18.6,34,39
1/11/10,40,20.7,44.4,34,39
1/12/10,40,20.7,43.2,34,39
1/13/10,34,21.6,44.7,34,39.1
1/14/10,26,22.2,9.2,34,39.1
1/15/10,37,22.2,23.9,34,39.2
1/16/10,36,22.3,26.6,34,39.2
1/17/10,30,22.3,34.3,34,39.3
1/18/10,29,22.8,47.7,34,39.3
1/19/10,23,24,50.6,34,39.3
1/20/10,23,25,50.9,34,39.3
1/21/10,22,25.9,30.7,34,39.3
1/22/10,23,26.2,26,34,39.3
1/23/10,18,27.1,18.9,34,39.3
1/24/10,20,27.4,27.8,34,39.3
1/25/10,29,27.7,33.8,34,39.3
1/26/10,28,28.9,28.7,34,39.3
1/27/10,31,30.3,16.9,34,39.3
1/28/10,23,30.3,7.6,34,39.3
1/29/10,36,30.3,24.1,34,39.3
1/30/10,27,30.3,25.1,34,39.3
1/31/10,24,30.3,18.9,34,39.3
2/1/10,30,30.3,21.3,34,39.3
2/2/10,31,30.3,19,34,39.3
2/3/10,28,30.5,31.4,34,39.3
2/4/10,28,30.7,44.8,34,39.3
2/5/10,31,30.9,40.1,34,39.3
2/6/10,29,31.5,30.7,34,39.3
2/7/10,26,31.9,13.9,34,39.3
2/8/10,26,31.9,17.2,34,39.3
2/9/10,25,31.9,21,34,39.3
2/10/10,23,32.1,19.6,34,39.3
2/11/10,27,32.1,25.4,34,39.3
2/12/10,29,32.2,32.3,34,39.3
2/13/10,32,32.2,21.5,34,39.3
2/14/10,40,32.2,16.1,34,39.3
2/15/10,36,32.3,11,34,39.3
2/16/10,36,32.3,6.8,34,39.3
2/17/10,33,32.3,16.8,34,39.3
2/18/10,36,32.3,21.8,34,39.3
2/19/10,32,32.3,22.4,34,39.3
2/20/10,28,32.3,28.5,33,39.3
2/21/10,25,32.5,30,34,39.3
2/22/10,17,32.5,17,34,39.3
2/23/10,30,32.8,32.2,33,39.3
2/24/10,31,33.7,29.2,33,39.3
2/25/10,25,34.9,22.9,33,39.4
2/26/10,33,34.9,52.4,33,39.4
2/27/10,30,35.4,24.7,33,39.4
2/28/10,28,35.8,7.8,33,39.4
3/1/10,29,35.8,29.2,33,39.3
3/2/10,31,35.8,34.3,33,39.3
3/3/10,26,36.2,37,33,39.3
3/4/10,15,37,22.2,33,39.3
3/5/10,23,37,11.1,33,39.3
3/6/10,29,37,19,33,39.3
3/7/10,28,37,17.1,33,39.3
3/8/10,29,37,31.4,33,39.3
3/9/10,13,37.2,27.7,33,39.4
3/10/10,16,37.2,30.9,33,39.3
3/11/10,19,37.4,27.7,33,39.4
3/12/10,29,37.4,41.1,33,39.4
3/13/10,20,39,30.6,33,39.4
3/14/10,20,39,16.3,33,39.3
3/15/10,34,39,21.9,33,39.3
3/16/10,42,39,18.9,33,39.3
3/17/10,42,39,10.3,33,39.3
3/18/10,40,39,23,33,39.3
3/19/10,33,39,13.9,33,39.4
3/20/10,38,39,25.5,33,39.3
3/21/10,38,39,32.2,33,39.3
3/22/10,35,39,29.7,33,39.3
3/23/10,28,39,18.3,33,39.3
3/24/10,41,39,34.1,33,39.4
3/25/10,27,39,38.3,33,39.4
3/26/10,22,39.9,19,33,39.4
3/27/10,26,39.9,25.3,33,39.5
3/28/10,36,39.9,36.2,33,39.4
3/29/10,35,39.9,43.4,33,39.5
3/30/10,32,41.5,49.8,33,39.6
3/31/10,18,44.3,24.1,33,39.6
4/1/10,17,45,24.6,33,39.7
4/2/10,22,45,46.1,33,39.7
4/3/10,24,46.3,29.7,33,39.7
4/4/10,21,46.3,39,33,39.7
4/5/10,21,46.3,29.3,33,39.7
4/6/10,20,46.5,25.6,33,39.7
4/7/10,30,46.5,18.7,33,39.6
4/8/10,37,46.5,23.8,33,39.6
4/9/10,30,46.5,12.5,33,39.6
4/10/10,32,46.5,38.3,33,39.6
4/11/10,31,46.5,40.8,33,39.6
4/12/10,23,46.7,35.8,33,39.6
4/13/10,24,47.3,17.6,33,39.6
4/14/10,30,47.3,37.4,33,39.6
4/15/10,29,47.3,25.5,33,39.7
4/16/10,40,47.3,21.3,33,39.7
4/17/10,36,47.3,14.8,33,39.9
4/18/10,42,47.3,19.5,33,40.1
4/19/10,42,47.3,38.9,33,40.2
4/20/10,38,47.3,38.2,33,40.3
4/21/10,20,47.7,20.4,33,40.3
4/22/10,28,48.1,21.7,33,40.2
4/23/10,32,48.4,14.4,33,40.1
4/24/10,41,48.4,20.7,33,40
4/25/10,37,48.4,8.9,33,40.1
4/26/10,42,48.4,46.2,33,40.3
4/27/10,37,48.4,56.2,33,40.3
4/28/10,21,50,33.3,33,40.3
4/29/10,17,51.9,15.8,33,40.2
4/30/10,23,51.9,17.2,33,40.1
5/1/10,27,51.9,21.4,33,40
5/2/10,33,51.9,22.3,33,40
5/3/10,41,51.9,36.1,33,39.9
5/4/10,39,51.9,24.4,33,40.3
5/5/10,37,51.9,28,33,40.4
5/6/10,24,51.9,10.1,33,40.4
5/7/10,29,51.9,23.3,33,40.4
5/8/10,35,51.9,24.9,33,40.4
5/9/10,33,51.9,27.4,33,40.4
5/10/10,27,51.9,31.2,33,40.3
5/11/10,20,53,20.5,33,40.2
5/12/10,32,53.2,12.4,33,40.1
5/13/10,36,53.2,14.1,33,40.1
5/14/10,38,53.2,18.5,33,40.1
5/15/10,41,53.2,16.7,33,40.3
5/16/10,46,53.2,25,33,40.5
5/17/10,44,53.3,27.5,33,40.6
5/18/10,31,53.6,22.7,33,40.5
5/19/10,36,53.6,33.8,33,40.4
5/20/10,35,53.6,32.6,33,40.6
5/21/10,35,53.6,33.2,33,40.6
5/22/10,19,54.6,19.2,33,40.4
5/23/10,21,54.8,20.4,33,40.2
5/24/10,28,54.8,26.7,33,40.1
5/25/10,32,54.9,30.1,33,40.1
5/26/10,31,55.1,33.1,33,40
5/27/10,29,55.9,29.6,33,40
5/28/10,24,56.6,22.1,33,40
5/29/10,31,56.7,11.2,33,40
5/30/10,40,56.7,19.4,33,40
5/31/10,45,56.8,26.1,33,40.6
6/1/10,41,56.9,22.6,33,40.6
6/2/10,44,56.9,29.6,33,40.6
6/3/10,43,57,35.6,33,40.6
6/4/10,43,57.9,34.6,33,40.6
6/5/10,46,58.4,22.2,33,40.6
6/6/10,50,58.4,26.7,33,40.6
6/7/10,49,58.5,18.8,33,40.6
6/8/10,49,58.5,25.3,33,40.6
6/9/10,46,58.5,38.8,33,40.6
6/10/10,40,58.5,28.6,33,40.5
6/11/10,34,58.5,27.3,33,40.5
6/12/10,39,58.5,21.3,33,40.5
6/13/10,46,58.5,14.1,36,40.5
6/14/10,53,58.5,21.6,41,40.3
6/15/10,51,58.5,26.7,44,40.2
6/16/10,42,58.5,21,45,40.2
6/17/10,39,58.5,17.8,45,40.1
6/18/10,47,58.5,26.8,45,40
6/19/10,42,58.5,28.6,47,40
6/20/10,41,58.5,24.8,47,39.9
6/21/10,42,58.5,14.9,47,39.9
6/22/10,48,58.5,14.4,48,39.9
6/23/10,53,58.5,18.8,50,39.9
6/24/10,53,58.5,16.7,52,39.9
6/25/10,53,58.5,14,52,39.8
6/26/10,48,58.5,10.1,51,39.8
6/27/10,58,58.5,16.5,53,39.8
6/28/10,59,58.5,25.4,55,39.8
6/29/10,60,58.5,21.7,57,39.8
6/30/10,52,58.5,25.6,57,39.8
7/1/10,50,58.5,28.8,57,39.7
7/2/10,50,58.5,21.3,56,39.6
7/3/10,48,58.5,16.3,56,39.6
7/4/10,49,58.5,14.6,57,39.5
7/5/10,54,58.5,18.5,57,39.4
7/6/10,53,58.5,13.3,58,39.4
7/7/10,55,58.5,17,59,39.3
7/8/10,55,58.5,21.2,59,39.2
7/9/10,57,58.5,17.2,59,38.9
7/10/10,56,58.5,23.3,60,38.9
7/11/10,55,58.5,15.5,61,38.5
7/12/10,60,58.5,24.7,61,38.3
7/13/10,57,58.5,23.4,62,37.9
7/14/10,56,58.5,12.3,62,37.7
7/15/10,58,58.5,21.6,63,37.1
7/16/10,65,58.5,17.9,64,36.7
7/17/10,62,58.5,15.9,65,35.9
7/18/10,64,58.5,21.9,65,35.4
7/19/10,61,58.5,18.4,65,34.2
7/20/10,57,58.5,18.2,65,33.8
7/21/10,59,58.5,21.2,65,32.8
7/22/10,53,58.5,18.5,65,31.7
7/23/10,60,58.5,17.7,65,31.2
7/24/10,61,58.5,15.4,65,30.5
7/25/10,62,58.5,20.4,66,29.8
7/26/10,57,58.5,18.4,66,29.7
7/27/10,56,58.5,21.2,65,29.1
7/28/10,57,58.5,22.8,65,27.9
7/29/10,58,58.5,20.7,65,28.2
7/30/10,58,58.5,20.6,66,27.3
7/31/10,55,58.5,21.9,66,26.8
8/1/10,54,58.5,15.7,65,27.1
8/2/10,54,58.5,18.7,65,27
8/3/10,54,58.5,17,65,26.4
8/4/10,55,58.5,18.2,64,25.7
8/5/10,57,58.5,17.7,65,26
8/6/10,56,58.5,21.9,65,25.6
8/7/10,53,58.5,20.1,65,25.8
8/8/10,53,58.5,20.7,65,24.4
8/9/10,52,58.5,20.9,65,24.2
8/10/10,50,58.5,23.4,65,24.8
8/11/10,49,58.5,31.3,64,24.8
8/12/10,50,58.5,9.4,64,24.2
8/13/10,53,58.5,21.9,64,23.7
8/14/10,58,58.5,20.9,65,24.3
8/15/10,55,58.5,17,66,24.2
8/16/10,56,58.5,13.7,66,23.8
8/17/10,61,58.5,28.6,66,24.1
8/18/10,55,58.5,30.4,67,23.6
8/19/10,53,58.5,15.9,67,23.5
8/20/10,57,58.5,22.2,66,23.1
8/21/10,53,58.5,33.1,66,23
8/22/10,48,58.5,20.7,65,23.6
8/23/10,49,58.5,20.6,64,22.7
8/24/10,55,58.5,13.7,64,23.4
8/25/10,61,58.5,20.3,65,22.2
8/26/10,65,58.5,29.6,67,23.3
8/27/10,58,58.5,31.6,68,22.6
8/28/10,49,58.5,32.4,67,22.9
8/29/10,36,58.5,15.6,63,22.3
8/30/10,39,58.5,18.9,60,21.5
8/31/10,40,58.5,15.3,58,21.2
9/1/10,50,58.5,11.5,59,21.6
9/2/10,54,58.5,15,61,21.7
9/3/10,62,58.5,20.5,62,21.5
9/4/10,58,58.5,23.9,64,21.8
9/5/10,55,58.5,23.2,64,22.1
9/6/10,47,58.5,17.6,64,21.6
9/7/10,54,58.5,33.2,63,21.6
9/8/10,44,58.5,28.5,63,21.2
9/9/10,34,58.6,15.3,59,20.2
9/10/10,38,58.6,10.6,56,20.5
9/11/10,49,58.6,21.3,56,20.8
9/12/10,50,58.6,21.2,58,20.5
9/13/10,53,58.6,21,58,20.9
9/14/10,49,58.6,24.8,58,20.5
9/15/10,52,58.6,21.4,58,21
9/16/10,50,58.6,15.6,58,20.3
9/17/10,54,58.6,20.2,59,20.7
9/18/10,50,58.6,21.8,59,20.4
9/19/10,47,58.6,31.4,59,20.3
9/20/10,42,58.6,19.8,58,20.4
9/21/10,49,58.6,23,,
9/22/10,42,58.6,21.7,57,19.6
9/23/10,45,58.6,14.7,57,20.2
9/24/10,55,58.6,16.4,56,19.3
9/25/10,57,58.6,16.5,58,20
9/26/10,58,58.6,16.7,58,20
9/27/10,58,58.6,13.4,59,19.8
9/28/10,60,58.6,17.7,60,20.2
9/29/10,61,58.6,14.9,61,20.4
9/30/10,61,58.6,14.6,62,21.2
10/1/10,60,0,17.5,62,20.5
10/2/10,58,0,17.6,62,20.5
10/3/10,52,0.1,21,62,20.4
10/4/10,45,1.2,20.5,57,37
10/5/10,38,2.6,21.8,53,38.8
10/6/10,40,2.8,15.5,51,39.1
10/7/10,36,2.8,20.6,50,39
10/8/10,35,3.2,11.9,48,38.6
10/9/10,43,3.2,11.7,48,38.5
10/10/10,47,3.2,12.5,49,38.4
10/11/10,49,3.2,15,51,38.3
10/12/10,44,3.2,6.8,51,38.1
10/13/10,47,3.2,9.8,51,37.8
10/14/10,52,3.2,16.8,52,37.8
10/15/10,48,3.2,16.7,52,37.4
10/16/10,48,3.2,23,51,37.3
10/17/10,46,3.2,18.8,51,37.1
10/18/10,39,3.8,15,49,38.2
10/19/10,43,3.8,17.2,48,38.1
10/20/10,46,3.8,19.1,48,38.1
10/21/10,43,3.8,25.8,49,37.8
10/22/10,37,3.9,27.5,48,37.8
10/23/10,35,4.6,39.9,46,37.6
10/24/10,39,5.9,50.2,43,40.4
10/25/10,31,12,35.3,39,40.5
10/26/10,28,12.8,21.9,38,40
10/27/10,26,12.8,25.3,37,39.8
10/28/10,42,12.8,41.4,37,39.9
10/29/10,40,12.8,36.8,37,40.1
10/30/10,41,12.8,27.3,38,39.9
10/31/10,32,13.2,23.1,38,40.1
11/1/10,40,13.2,11.5,38,40.1
11/2/10,46,13.2,9.2,40,39.7
11/3/10,48,13.2,14.7,42,39.5
11/4/10,52,13.2,22.6,43,39.4
11/5/10,51,13.2,27.3,44,39.2
11/6/10,47,13.2,31.9,44,39.1
11/7/10,37,13.2,28.9,44,39
11/8/10,26,14.9,12.1,41,38.8
11/9/10,18,15,37.4,40,39
11/10/10,29,15.3,32.8,39,39.3
11/11/10,23,16,20.2,38,39.5
11/12/10,40,16,15.2,38,39.6
11/13/10,30,16,20.3,37,39.6
11/14/10,33,16,27.2,37,39.6
11/15/10,38,16,21.8,37,39.9
11/16/10,46,16,22.4,36,40.1
11/17/10,39,16,20.7,36,39.8
11/18/10,39,16,38.2,36,39.7
11/19/10,35,16,39.4,36,39.7
11/20/10,24,16.9,39.8,36,39.6
11/21/10,20,18.1,43,36,39.5
11/22/10,20,19.6,38.9,36,39.5
11/23/10,23,19.8,49,36,39.4
11/24/10,14,22.1,14.7,35,39.4
11/25/10,14,22.1,8.7,35,39.4
11/26/10,36,22.1,27.6,35,39.3
11/27/10,29,22.1,33.6,35,39.3
11/28/10,16,23.3,11.8,35,39.3
11/29/10,11,23.3,12.5,35,39.3
11/30/10,37,23.3,21,35,39.3
12/1/10,33,23.3,22.5,35,39.2
12/2/10,38,23.3,33.1,35,39.2
12/3/10,33,24.9,32.3,35,39.2
12/4/10,38,24.9,25.4,35,39.2
12/5/10,33,24.9,42.8,35,39.2
12/6/10,30,25.3,38.4,35,39.2
12/7/10,33,26.3,25.7,35,39.2
12/8/10,40,26.3,37.5,35,39.3
12/9/10,37,28.1,39.8,35,39.3
12/10/10,35,28.1,38.6,35,39.4
12/11/10,34,28.1,20.8,34,39.8
12/12/10,40,28.1,16.8,34,39.7
12/13/10,45,28.1,32.1,34,39.6
12/14/10,39,28.1,40.8,34,39.6
12/15/10,24,30.7,19.3,34,39.6
12/16/10,24,30.7,20.1,34,39.5
12/17/10,25,30.7,32.9,34,39.5
12/18/10,31,33.1,48.5,34,39.5
12/19/10,32,38,57.4,34,39.5
12/20/10,19,40.5,28,34,39.5
12/21/10,23,40.8,34.8,34,39.5
12/22/10,29,40.8,31.4,34,39.4
12/23/10,28,40.8,22.8,34,39.4
12/24/10,40,40.8,34.3,34,39.4
12/25/10,40,40.8,49.5,34,39.4
12/26/10,24,40.8,37.6,34,39.4
12/27/10,25,41.6,26.1,34,39.4
12/28/10,30,41.6,36,34,39.4
12/29/10,29,44.2,36.3,34,39.4
12/30/10,9,45.2,19.8,34,39.4
12/31/10,11,45.2,21.2,34,39.4
1/1/11,23,45.2,28.1,34,39.4
1/2/11,28,45.7,16.9,34,39.4
1/3/11,19,45.7,10.4,34,39.4
1/4/11,22,45.7,5.3,34,39.3
1/5/11,31,45.7,7.1,34,39.4
1/6/11,33,45.7,7,34,39.3
1/7/11,35,45.7,13.2,34,39.3
1/8/11,36,45.7,25.9,34,39.3
1/9/11,26,45.7,27.2,34,39.3
1/10/11,11,45.7,19.9,34,39.3
1/11/11,30,45.7,32.7,34,39.3
1/12/11,29,46.3,22.3,34,39.2
1/13/11,35,46.3,37.5,34,39.2
1/14/11,32,46.3,10.9,34,39.1
1/15/11,39,46.3,22.4,34,39.2
1/16/11,44,46.3,21.3,34,39.2
1/17/11,45,46.3,24.8,34,39.4
1/18/11,38,46.3,21.3,34,39.7
1/19/11,37,46.3,29.5,34,39.7
1/20/11,27,46.3,16.4,34,39.6
1/21/11,39,46.3,7.4,34,39.6
1/22/11,41,46.3,20.6,34,39.5
1/23/11,31,46.3,17.4,34,39.4
1/24/11,40,46.3,7.1,34,39.4
1/25/11,39,46.3,11.5,33,39.5
1/26/11,31,46.3,12.6,33,39.5
1/27/11,37,46.3,11,33,39.4
1/28/11,42,46.3,20.1,33,39.5
1/29/11,39,46.3,30.4,33,39.5
1/30/11,26,46.3,37.6,33,39.4
1/31/11,23,47,15.5,33,39.4
2/1/11,24,47,23,33,39.4
2/2/11,15,47,18.2,33,39.4
2/3/11,26,47,17.1,33,39.5
2/4/11,32,47,18,33,39.4
2/5/11,37,47,22.8,33,39.4
2/6/11,34,47,28.2,33,39.5
2/7/11,40,47,30.5,33,39.4
2/8/11,18,47,25.4,33,39.4
2/9/11,18,47,22,33,39.4
2/10/11,22,47,10.5,33,39.4
2/11/11,28,47,11.7,33,39.3
2/12/11,43,47,29.6,33,39.4
2/13/11,35,47,33.6,33,39.4
2/14/11,34,47,45,33,39.3
2/15/11,31,47.3,45.3,33,39.3
2/16/11,27,47.5,45.1,33,39.2
2/17/11,16,48.3,41.2,33,39.2
2/18/11,19,48.8,29.7,33,39.2
2/19/11,26,51.2,44.6,33,39.2
2/20/11,16,51.2,29.5,33,39.2
2/21/11,17,51.2,28.8,33,39.2
2/22/11,18,51.2,24.3,33,39.1
2/23/11,23,51.2,30.6,33,39.1
2/24/11,19,51.2,38.5,33,39.1
2/25/11,21,51.8,39.8,33,39
2/26/11,8,54,18,33,39
2/27/11,13,54,19.2,33,38.9
2/28/11,21,54,28,33,39
3/1/11,27,54,36.2,33,39
3/2/11,29,54,41.9,33,38.9
3/3/11,29,55.3,35.6,33,38.9
3/4/11,25,56.3,19.9,33,38.9
3/5/11,33,56.3,26.2,33,38.9
3/6/11,31,56.3,25.2,33,38.8
3/7/11,30,57.8,28,33,38.8
3/8/11,23,57.8,20,33,38.9
3/9/11,37,57.8,25.7,33,38.9
3/10/11,39,57.8,39.5,33,38.8
3/11/11,33,58.4,32.8,33,38.8
3/12/11,29,58.4,23.1,33,38.8
3/13/11,35,58.4,37,33,38.8
3/14/11,33,59.5,36,33,38.8
3/15/11,33,60.2,36.6,33,38.8
3/16/11,29,63.7,34.1,33,38.8
3/17/11,22,65.5,26.1,33,38.8
3/18/11,23,65.5,48.9,33,38.8
3/19/11,18,65.5,41.7,33,38.8
3/20/11,27,65.5,51.9,33,38.8
3/21/11,22,66.1,28.8,33,38.8
3/22/11,19,67,23.3,33,38.8
3/23/11,24,67.4,42.5,33,38.8
3/24/11,21,68,51.1,33,38.8
3/25/11,18,68.7,38.3,33,38.9
3/26/11,23,69.8,46.9,33,38.9
3/27/11,24,71.4,46,33,38.9
3/28/11,27,73.1,44.3,33,38.9
3/29/11,36,73.1,20.2,33,38.9
3/30/11,37,73.1,21.3,33,38.9
3/31/11,47,73.1,11.8,33,38.9
4/1/11,52,73.1,24.6,33,39.2
4/2/11,45,73.7,44.6,33,39.5
4/3/11,30,73.7,13.2,33,39.8
4/4/11,31,73.7,18.9,33,39.8
4/5/11,41,73.7,27.5,33,39.7
4/6/11,32,73.7,34.8,33,39.8
4/7/11,25,73.7,36.1,33,39.7
4/8/11,13,75.1,17.7,33,39.6
4/9/11,20,75.1,20.8,33,39.5
4/10/11,24,75.1,18.1,33,39.5
4/11/11,31,75.1,24.4,33,39.4
4/12/11,31,75.1,24.5,33,39.4
4/13/11,28,75.1,29.6,33,39.3
4/14/11,26,75.7,21.5,33,39.3
4/15/11,34,75.7,22.9,33,39.3
4/16/11,38,75.7,19.3,33,39.3
4/17/11,40,75.7,39.5,33,39.3
4/18/11,34,75.9,38.1,33,39.8
4/19/11,35,76.9,22.9,33,39.8
4/20/11,35,76.9,36.7,33,39.7
4/21/11,31,78,44.1,33,39.7
4/22/11,30,78.6,17,33,39.6
4/23/11,28,78.8,24.3,33,39.5
4/24/11,32,79.2,40.1,33,39.5
4/25/11,31,80,40.5,33,39.5
4/26/11,26,80.6,23.9,33,39.4
4/27/11,33,80.6,25.8,33,39.4
4/28/11,35,80.6,35.8,33,39.3
4/29/11,25,80.6,23.7,33,39.4
4/30/11,23,80.6,20.9,33,39.3
5/1/11,29,80.6,13.7,33,39.4
5/2/11,36,80.6,28.2,33,39.4
5/3/11,38,80.6,25.3,33,39.3
5/4/11,39,80.6,14.7,33,39.5
5/5/11,48,80.6,21.3,33,39.7
5/6/11,47,80.6,23.7,33,40
5/7/11,45,80.6,38.7,33,40.1
5/8/11,34,80.7,33.9,33,40.1
5/9/11,27,80.8,18.2,33,39.9
5/10/11,28,81,14.4,33,39.8
5/11/11,40,81,23.3,33,39.7
5/12/11,41,81,25.8,33,39.9
5/13/11,44,81,24.1,33,40
5/14/11,44,81,35.5,33,40
5/15/11,29,81,28.8,33,40
5/16/11,19,82.4,25.1,33,39.9
5/17/11,26,82.4,32.6,33,39.8
5/18/11,27,82.9,17.4,33,39.7
5/19/11,30,83.7,20.4,33,39.6
5/20/11,37,83.7,17.6,33,39.6
5/21/11,44,83.8,24.2,33,39.7
5/22/11,39,83.8,21.1,33,40
5/23/11,36,83.8,27,33,40
5/24/11,32,83.8,20.7,33,39.8
5/25/11,40,83.8,44.9,33,39.9
5/26/11,25,84,29.2,33,39.9
5/27/11,32,84,30.3,33,39.8
5/28/11,34,84,34.6,33,39.7
5/29/11,21,85.4,19.1,33,39.7
5/30/11,30,85.4,31.6,33,39.6
5/31/11,34,85.4,40.5,33,39.5
6/1/11,33,85.4,36.4,33,39.5
6/2/11,25,86.1,23,33,39.5
6/3/11,30,86.1,28.7,33,39.5
6/4/11,41,86.1,27.8,33,39.5
6/5/11,39,86.4,20.5,33,39.5
6/6/11,33,87.2,30.2,33,39.8
6/7/11,34,87.9,14.4,33,39.9
6/8/11,41,87.9,16.8,33,40
6/9/11,44,88,13.4,33,40.1
6/10/11,47,88,20.6,33,40.1
6/11/11,46,88,22.5,33,40.2
6/12/11,43,88.1,18.1,33,40.2
6/13/11,47,88.1,17.6,33,40.2
6/14/11,46,88.2,15.4,33,40.2
6/15/11,55,88.2,16.7,33,40.2
6/16/11,50,88.2,19.5,33,40.2
6/17/11,44,88.3,17.2,33,40.2
6/18/11,47,88.3,26.6,33,40.2
6/19/11,47,88.3,13.5,33,40.2
6/20/11,46,88.3,13.7,33,40.2
6/21/11,54,88.3,13.1,33,40.2
6/22/11,57,88.3,20.1,33,40.3
6/23/11,54,88.3,25.8,33,40.3
6/24/11,49,88.3,26.4,33,40.3
6/25/11,50,88.3,19.6,33,40.3
6/26/11,49,88.3,12.2,33,40.3
6/27/11,55,88.3,29.3,33,40.3
6/28/11,48,88.3,40.3,33,40.4
6/29/11,39,89.1,30.8,38,40.7
6/30/11,44,89.4,18.5,41,40.3
7/1/11,51,89.4,12.3,44,40.1
7/2/11,56,89.4,21,47,40
7/3/11,62,89.4,22.7,50,40
7/4/11,60,89.4,17.3,52,40
7/5/11,57,89.4,14.3,53,39.9
7/6/11,58,89.4,13.7,55,39.9
7/7/11,56,89.4,21.5,56,39.9
7/8/11,55,89.4,16.6,56,39.8
7/9/11,54,89.4,20.7,57,39.8
7/10/11,56,89.4,22,57,39.7
7/11/11,52,89.4,24.6,57,39.7
7/12/11,50,89.4,23.6,57,39.6
7/13/11,47,89.4,24.4,57,39.5
7/14/11,44,89.4,20.7,56,39.3
7/15/11,47,89.4,17.5,56,39.3
7/16/11,44,89.4,19.8,56,39.3
7/17/11,46,89.4,29.5,56,39.1
7/18/11,49,89.4,28.5,57,39
7/19/11,48,89.4,23.4,57,39
7/20/11,51,89.4,18.7,58,38.8
7/21/11,53,89.4,18.8,58,38.7
7/22/11,53,89.4,16.2,59,38.6
7/23/11,52,89.4,17.2,60,38.4
7/24/11,58,89.4,21.1,61,38.4
7/25/11,56,89.4,24.6,62,38
7/26/11,52,89.4,21,62,37.7
7/27/11,50,89.4,15.2,62,37.3
7/28/11,56,89.4,14.1,61,37
7/29/11,59,89.4,14.7,62,36.7
7/30/11,60,89.4,19.6,63,36.3
7/31/11,57,89.4,19.5,64,35.5
8/1/11,56,89.4,19.5,64,35.2
8/2/11,58,89.4,24.1,64,34.8
8/3/11,59,89.4,21.5,64,34.4
8/4/11,55,89.4,24.2,64,33.6
8/5/11,52,89.4,15.1,64,32.7
8/6/11,54,89.4,18.6,63,32.4
8/7/11,51,89.4,19.5,63,31.8
8/8/11,54,89.4,17.2,63,31.3
8/9/11,53,89.4,18.1,63,30.6
8/10/11,54,89.4,17.6,63,30.1
8/11/11,52,89.4,18.7,63,29.6
8/12/11,55,89.4,18.5,63,29.2
8/13/11,56,89.4,18.3,63,28.6
8/14/11,57,89.4,28.2,64,28.3
8/15/11,53,89.5,22.2,64,28.2
8/16/11,50,89.5,18.3,63,27.5
8/17/11,55,89.5,14.6,63,26.9
8/18/11,56,89.5,16.1,64,26.9
8/19/11,53,89.5,15.6,64,26.7
8/20/11,55,89.5,20.9,64,26.5
8/21/11,53,89.5,15.8,64,26.6
8/22/11,53,89.5,19.1,65,26.1
8/23/11,59,89.5,16.8,65,26
8/24/11,60,89.5,21.5,65,25.4
8/25/11,58,89.5,18.5,66,25.4
8/26/11,61,89.5,24.7,66,25.4
8/27/11,63,89.5,25.8,67,25.2
8/28/11,60,89.5,23.1,67,24.9
8/29/11,60,89.5,20,67,25.2
8/30/11,58,89.5,17.6,67,24.6
8/31/11,54,89.5,20.2,66,24.1
9/1/11,52,89.5,15.9,66,23.7
9/2/11,51,89.5,13.9,65,24.1
9/3/11,55,89.5,13.1,65,23.9
9/4/11,56,89.5,20.7,65,24.1
9/5/11,57,89.5,19.3,65,23
9/6/11,52,89.5,13.5,65,23.2
9/7/11,56,89.5,14.7,65,23.4
9/8/11,57,89.5,14.4,65,22.5
9/9/11,56,89.5,18.3,64,22.1
9/10/11,58,89.5,15.2,64,22.3
9/11/11,53,89.5,18.9,64,22.2
9/12/11,46,89.7,16,61,22.5
9/13/11,49,89.7,16.4,60,21.4
9/14/11,49,89.8,18.5,58,21.3
9/15/11,51,89.8,26.1,58,21.2
9/16/11,49,89.8,25.6,58,21.7
9/17/11,44,89.8,15.2,58,22.2
9/18/11,49,89.8,9.5,57,21.8
9/19/11,55,89.8,13.9,58,21.7
9/20/11,55,89.8,15.2,59,21.9
9/21/11,56,89.8,16.6,60,21.7
9/22/11,55,89.8,17.3,60,22.3
9/23/11,58,89.8,14,61,21.7
9/24/11,58,89.8,21.2,60,21.8
9/25/11,50,89.8,23.4,61,22.2
9/26/11,45,89.8,20.2,60,21.6
9/27/11,54,89.8,13.7,59,21.5
9/28/11,58,89.8,17.4,59,21.9
9/29/11,57,89.8,20.1,60,21.3
9/30/11,60,89.8,26.8,61,21.3
10/1/11,50,0,34.8,61,22.2
10/2/11,44,0.1,38.3,60,21.3
10/3/11,44,0.1,36.4,58,20.7
10/4/11,37,0.6,36.5,56,20.6
10/5/11,33,2,48.9,52,19.5
10/6/11,27,3.4,19.7,48,19.8
10/7/11,28,4.2,12.9,46,19.3
10/8/11,38,4.2,10.5,44,18.2
10/9/11,38,4.3,18.1,43,18.6
10/10/11,42,4.3,31.3,41,18.1
10/11/11,45,5,30.6,40,18
10/12/11,50,5.7,12.2,43,19
10/13/11,54,5.8,16.5,45,19.4
10/14/11,53,5.8,19.5,47,20.5
10/15/11,53,5.8,19.9,49,21.5
10/16/11,49,5.8,23.2,49,22.3
10/17/11,46,5.8,10.7,49,23.2
10/18/11,47,5.8,18.9,49,23.9
10/19/11,47,5.8,17.6,50,24.9
10/20/11,44,5.8,19.8,50,25.5
10/21/11,47,5.8,14.4,49,25.9
10/22/11,48,5.8,9.1,49,26.5
10/23/11,50,5.8,21.3,49,26.9
10/24/11,50,5.8,26.9,49,26.9
10/25/11,42,5.8,16.1,49,27.2
10/26/11,30,5.8,,47,27.3
10/27/11,36,5.8,4.9,45,27.1
10/28/11,38,5.8,15.6,45,26.9
10/29/11,47,5.8,10.9,45,27.1
10/30/11,44,5.8,14.5,46,27.5
10/31/11,48,5.8,18.6,46,27.4
11/1/11,40,5.8,24.3,47,27.5
11/2/11,30,5.8,32.6,45,27.4
11/3/11,38,5.9,34.8,44,27.3
11/4/11,23,6.3,25.7,43,27.2
11/5/11,15,6.3,27.5,41,27.1
11/6/11,24,6.7,19.4,40,26.9
11/7/11,21,6.8,12,40,26.7
11/8/11,26,6.9,8.5,39,26.6
11/9/11,32,6.9,15.2,38,26.6
11/10/11,39,6.9,25.1,38,26.6
11/11/11,39,6.9,31.5,37,26.3
11/12/11,31,6.9,22.8,37,26.4
11/13/11,42,6.9,18.5,37,26.5
11/14/11,34,6.9,23,37,26.2
11/15/11,39,7.1,24.3,36,26.2
11/16/11,33,7.1,19.7,36,26.5
11/17/11,39,7.1,46.9,36,27.8
11/18/11,31,7.2,46.6,36,30.5
11/19/11,22,7.2,32.7,36,32.1
11/20/11,24,7.4,23.7,35,32.8
11/21/11,27,8.2,25.9,35,33
11/22/11,29,8.6,29.2,35,33.1
11/23/11,36,8.6,44,35,33.2
11/24/11,33,8.6,26.9,35,33.2
11/25/11,31,8.6,15.3,35,33.3
11/26/11,36,8.6,16.2,35,33.1
11/27/11,47,8.6,26.7,35,33.5
11/28/11,42,8.6,25,35,34.4
11/29/11,45,8.6,27.1,35,35.5
11/30/11,45,8.6,40.8,35,36.5
12/1/11,19,8.6,38.2,35,36.7
12/2/11,24,8.6,30.7,34,36.5
12/3/11,18,8.6,27.7,34,36.2
12/4/11,22,8.6,27.2,34,36
12/5/11,20,8.6,22.2,34,35.7
12/6/11,27,8.6,6.5,33,35.5
12/7/11,33,8.6,9.2,33,35.3
12/8/11,33,8.6,14.9,33,35.4
12/9/11,31,8.6,6.2,33,34.9
12/10/11,36,8.6,19.3,33,35.1
12/11/11,33,8.6,20.6,33,34.8
12/12/11,26,8.6,13.9,33,34.9
12/13/11,21,8.6,13,33,34.5
12/14/11,22,8.6,25.8,32,34.1
12/15/11,24,8.6,30.9,32,32.9
12/16/11,23,8.6,23.4,32,31.5
12/17/11,29,8.6,15.2,32,29.9
12/18/11,40,8.6,12.2,32,28.8
12/19/11,31,8.6,23.7,32,27.9
12/20/11,24,8.6,19.2,32,27.5
12/21/11,31,8.6,21.5,32,26.8
12/22/11,17,8.6,21.7,31,25.6
12/23/11,26,8.6,9.5,31,23.8
12/24/11,31,8.6,18.1,31,22.8
12/25/11,38,8.6,24.8,31,22.2
12/26/11,39,8.6,26.5,31,23
12/27/11,36,8.6,18.6,31,22.6
12/28/11,40,8.8,24,31,22.2
12/29/11,39,8.8,23,31,23.1
12/30/11,39,8.8,35,31,24
12/31/11,35,8.8,16.5,32,24.2
1/1/12,38,8.8,24.6,32,24.6
1/2/12,46,8.8,35.2,32,25.1
1/3/12,40,8.8,24,32,25.1
1/4/12,45,8.8,20.2,32,25.9
1/5/12,46,8.8,21.4,32,25.9
1/6/12,40,8.8,19.2,32,26.5
1/7/12,35,8.8,27.6,32,26.7
1/8/12,26,8.8,19.8,32,26.8
1/9/12,35,8.8,18.9,32,26.7
1/10/12,40,8.8,16.3,32,26.5
1/11/12,32,8.8,8.7,32,26.7
1/12/12,31,8.8,11.8,32,26.9
1/13/12,33,8.8,11.8,32,26.9
1/14/12,40,8.8,30,32,26.7
1/15/12,34,8.8,43,32,26.8
1/16/12,17,8.8,26.4,32,26.6
1/17/12,15,8.9,38.8,32,26.5
1/18/12,24,8.9,39.1,32,25.7
1/19/12,33,8.9,44,31,24.3
1/20/12,31,9.9,45.7,31,23.7
1/21/12,33,14.1,42.1,32,31.4
1/22/12,20,14.7,30.8,32,30.9
1/23/12,29,15.9,33,32,31.3
1/24/12,25,17.9,22.2,32,31.5
1/25/12,38,17.9,19.8,32,31.9
1/26/12,39,17.9,28,32,32.1
1/27/12,30,17.9,15.6,32,32.6
1/28/12,30,17.9,8.7,32,32.9
1/29/12,37,17.9,23.7,32,33.1
1/30/12,36,17.9,22.7,32,33.4
1/31/12,31,17.9,21.4,32,33.8
2/1/12,30,17.9,28.5,32,34
2/2/12,25,17.9,21.8,32,34.2
2/3/12,21,17.9,7.6,32,34.6
2/4/12,22,17.9,10,32,34.6
2/5/12,23,17.9,13.5,32,34.9
2/6/12,30,17.9,17.2,32,35.1
2/7/12,38,17.9,22.9,32,35.6
2/8/12,29,18,14.6,32,35.7
2/9/12,39,18,21.4,32,36.2
2/10/12,38,18,35.9,32,36.4
2/11/12,33,18,25.5,32,36.8
2/12/12,26,18,26.2,32,36.9
2/13/12,25,18,28.1,32,37.3
2/14/12,22,19.1,32.2,32,37
2/15/12,23,19.1,39.9,32,36.3
2/16/12,18,19.6,19.5,32,36.1
2/17/12,33,19.6,23,32,36.2
2/18/12,32,19.6,27.5,32,36.2
2/19/12,18,19.6,24.9,32,36.1
2/20/12,25,19.6,32,32,36.3
2/21/12,26,19.6,18.4,32,36.2
2/22/12,37,19.6,11.8,32,36.2
2/23/12,36,19.6,20.3,32,36.3
2/24/12,34,19.6,30.1,32,36.1
2/25/12,32,19.6,34.5,32,36.2
2/26/12,18,19.6,21.3,32,36.1
2/27/12,23,19.6,23.9,32,36.2
2/28/12,16,20.2,39.2,32,36.2
2/29/12,20,20.5,53.2,32,36.1
3/1/12,19,22.2,44.9,32,36
3/2/12,14,24.4,16.5,32,36.2
3/3/12,28,24.4,8,32,36.1
3/4/12,40,24.4,15.4,32,36
3/5/12,40,24.4,39.3,32,36.1
3/6/12,31,24.4,39.3,32,37.3
3/7/12,8,24.4,28.7,33,37.3
3/8/12,26,24.4,11.8,33,37.1
3/9/12,39,24.4,18.8,33,37
3/10/12,41,24.4,28.6,33,37.5
3/11/12,32,24.4,53.8,33,38
3/12/12,26,24.4,39.3,33,37.8
3/13/12,28,24.7,45,33,37.6
3/14/12,30,26.5,48.2,33,37.5
3/15/12,34,28.4,38.7,33,37.3
3/16/12,33,30,40.1,33,39.1
3/17/12,25,33,24.3,33,38.8
3/18/12,19,33.6,24.1,33,38.6
3/19/12,14,34.9,15.8,33,38.3
3/20/12,31,34.9,22.7,33,38.2
3/21/12,35,34.9,27.6,32,39.6
3/22/12,35,34.9,42.1,32,39.5
3/23/12,31,34.9,30.8,32,39.4
3/24/12,33,35,37.9,33,39.2
3/25/12,32,35,36.4,33,39.1
3/26/12,22,35,35.8,33,39
3/27/12,26,35,45.2,33,38.9
3/28/12,30,35,37.4,33,38.9
3/29/12,30,36.5,33,33,38.8
3/30/12,32,36.5,36,33,38.6
3/31/12,35,37,52.2,33,39.8
4/1/12,22,38.2,46.6,33,39.6
4/2/12,23,38.2,14.9,33,39.6
4/3/12,42,38.2,41,33,39.7
4/4/12,30,38.3,36.5,33,39.7
4/5/12,18,38.3,22.1,33,39.5
4/6/12,15,38.6,17.2,33,39.4
4/7/12,31,38.6,28.3,33,39.4
4/8/12,38,38.6,26.9,33,39.3
4/9/12,39,38.6,30.3,33,39.5
4/10/12,39,38.7,28.7,33,39.6
4/11/12,31,38.9,38.8,33,39.7
4/12/12,23,39.6,41.3,33,39.7
4/13/12,25,39.6,38.9,33,39.6
4/14/12,22,40.9,20.8,33,39.5
4/15/12,29,41,17.8,33,39.2
4/16/12,35,41,21.6,33,39.4
4/17/12,37,41,30.8,33,39.7
4/18/12,36,41,26.5,33,39.9
4/19/12,37,41,16.5,33,39.9
4/20/12,43,41,17.6,33,39.8
4/21/12,53,41,21.5,33,39.7
4/22/12,53,41,17.1,33,39.9
4/23/12,50,41,21.8,33,39.9
4/24/12,46,41.1,17.8,33,40
4/25/12,41,41.1,35.5,33,40
4/26/12,38,41.3,50.1,33,40
4/27/12,27,43.2,14.2,33,39.9
4/28/12,36,43.3,12.8,33,39.7
4/29/12,40,43.3,15.2,33,39.7
4/30/12,46,43.3,34,33,39.8
5/1/12,40,43.3,30.1,33,40
5/2/12,38,43.3,28.3,33,40
5/3/12,36,43.3,37.1,33,39.7
5/4/12,32,43.5,33.3,33,39.5
5/5/12,29,43.5,17.5,33,39.6
5/6/12,34,43.5,15.2,33,39.8
5/7/12,40,43.5,15.2,33,40
5/8/12,44,43.5,15,33,40
5/9/12,49,43.5,26.1,33,40.1
5/10/12,47,43.5,14.1,32,40.1
5/11/12,43,43.5,14.2,32,40.1
5/12/12,45,43.5,11.3,32,40.1
5/13/12,49,43.5,17.3,32,40.1
5/14/12,51,43.5,21,32,40.1
5/15/12,41,43.5,16.6,32,40.1
5/16/12,55,43.5,23.8,34,40
5/17/12,49,43.5,35,39,39.5
5/18/12,34,43.5,14.6,41,39.3
5/19/12,43,43.5,18.1,43,39.2
5/20/12,50,43.5,16,45,39.2
5/21/12,52,43.5,33,47,39.1
5/22/12,44,43.5,28.7,47,39.1
5/23/12,39,43.5,25.1,47,39
5/24/12,39,43.5,33.3,48,38.9
5/25/12,32,43.7,21.3,47,38.8
5/26/12,29,43.7,20.8,45,38.7
5/27/12,31,43.7,13,42,39.3
5/28/12,38,43.8,22.2,42,39.2
5/29/12,42,43.8,19.3,44,39.1
5/30/12,46,43.8,14.3,46,39
5/31/12,54,43.8,11.9,48,39
6/1/12,55,43.9,20.4,50,39
6/2/12,52,43.9,24.1,52,38.9
6/3/12,50,43.9,28.1,53,38.9
6/4/12,47,43.9,38.1,53,38.8
6/5/12,27,44.8,22.9,49,38.7
6/6/12,30,44.8,11.1,47,39.8
6/7/12,42,44.8,24.7,47,39.5
6/8/12,43,44.8,,48,39.3
6/9/12,39,44.8,21.2,49,39.1
6/10/12,39,44.8,18.7,49,38.9
6/11/12,46,44.8,17.5,49,38.9
6/12/12,51,44.8,22.4,51,38.8
6/13/12,51,44.8,16.2,52,38.8
6/14/12,54,44.8,18.4,54,38.7
6/15/12,51,44.8,12.9,55,38.7
6/16/12,56,44.8,16,56,38.6
6/17/12,59,44.8,27.3,56,38.4
6/18/12,57,44.8,34.7,57,38.4
6/19/12,50,44.8,24,58,38.2
6/20/12,49,44.8,14.9,57,38
6/21/12,59,44.8,33.6,58,37.8
6/22/12,47,44.8,30.3,58,37.5
6/23/12,39,44.8,35.7,57,37.4
6/24/12,38,44.8,36.5,54,37
6/25/12,42,44.8,37.5,54,36.8
6/26/12,35,44.8,36,54,36.7
6/27/12,46,44.8,24.3,55,36.4
6/28/12,52,44.8,23.7,56,36.4
6/29/12,51,44.8,20.4,57,36.1
6/30/12,51,44.8,22.2,57,35.7
7/1/12,49,44.8,16.6,58,35.5
7/2/12,52,44.8,20.4,58,35.3
7/3/12,52,44.8,16.9,59,34.8
7/4/12,54,44.8,28,60,34.5
7/5/12,52,44.8,25.4,60,34.1
7/6/12,55,44.8,23.6,60,33.1
7/7/12,58,44.8,20,61,32.7
7/8/12,57,44.8,22.1,61,32.2
7/9/12,58,44.8,20.9,62,31.7
7/10/12,62,44.8,21.3,62,31.1
7/11/12,62,44.8,23.8,63,30.4
7/12/12,59,44.8,19.3,64,29.5
7/13/12,61,44.8,23.2,64,29.1
7/14/12,57,44.8,25.3,65,28.4
7/15/12,56,44.8,24.4,65,27.9
7/16/12,54,44.8,28,64,28.3
7/17/12,47,44.8,28.4,64,27.8
7/18/12,46,44.8,28.8,63,26.7
7/19/12,55,44.8,27.7,63,26.4
7/20/12,51,44.8,21.6,61,26.6
7/21/12,59,44.8,20.2,62,26
7/22/12,62,44.8,23.4,63,26.3
7/23/12,60,44.8,25,64,26
7/24/12,54,45.7,17.9,63,25.7
7/25/12,56,45.7,22.5,62,25.8
7/26/12,56,45.7,18.5,62,25.5
7/27/12,55,45.7,19.3,62,25.7
7/28/12,54,45.7,17,63,25.9
7/29/12,53,45.7,18.5,63,25.8
7/30/12,58,45.7,19.6,63,25.6
7/31/12,59,45.7,21.1,63,25.7
8/1/12,59,45.7,22.2,64,25.6
8/2/12,59,45.7,18.8,64,25.1
8/3/12,63,45.7,19.4,64,25.6
8/4/12,63,45.7,27,65,25.1
8/5/12,56,45.7,27,65,25.7
8/6/12,59,45.7,25.9,65,25.6
8/7/12,59,45.7,25.1,65,24.4
8/8/12,62,45.7,22.9,65,24.8
8/9/12,62,45.7,22.2,66,24.5
8/10/12,64,45.7,23.3,67,24.7
8/11/12,60,45.7,19.7,67,24.9
8/12/12,66,45.7,21.3,68,24.6
8/13/12,64,45.7,15.3,68,24.4
8/14/12,61,45.8,25.3,67,23.9
8/15/12,62,45.8,21.6,65,24.1
8/16/12,60,45.8,16.4,66,23.6
8/17/12,62,45.8,16.7,66,23.8
8/18/12,61,45.8,18,67,23.4
8/19/12,60,45.8,18.8,67,23.4
8/20/12,59,45.8,27.2,67,23.4
8/21/12,58,45.8,27.7,67,23.5
8/22/12,58,45.8,21.5,66,23.3
8/23/12,55,45.8,20.7,67,23.1
8/24/12,56,45.8,25,67,23
8/25/12,58,45.8,26,67,23.3
8/26/12,56,45.8,32.3,67,22.5
8/27/12,53,45.8,26.3,67,22.9
8/28/12,55,45.8,33.7,66,22.5
8/29/12,54,45.8,27.5,65,22.2
8/30/12,57,45.8,26.2,65,22.9
8/31/12,57,46.2,34.6,65,21.9
9/1/12,49,46.2,24.3,65,22.4
9/2/12,50,46.2,18.3,64,21.5
9/3/12,57,46.2,16.9,64,22.3
9/4/12,55,46.2,25.3,65,21.9
9/5/12,58,46.2,23.7,65,21.4
9/6/12,51,46.6,19,63,21.2
9/7/12,53,46.6,21,61,21.6
9/8/12,58,46.6,24,61,20.7
9/9/12,58,46.6,35.9,62,21.4
9/10/12,55,46.6,24.1,62,21.8
9/11/12,53,46.6,16.9,62,21
9/12/12,54,46.7,14.1,61,21.8
9/13/12,54,46.7,17.4,61,21
9/14/12,57,46.7,28.5,61,21.4
9/15/12,57,46.7,29.3,62,21.1
9/16/12,55,46.7,26.2,62,20.9
9/17/12,52,46.7,16.1,62,21.9
9/18/12,56,46.7,17.4,62,21.7
9/19/12,55,46.7,19.1,62,21.6
9/20/12,57,46.7,16.8,62,21.5
9/21/12,57,46.7,21.3,62,20.7
9/22/12,56,46.7,20.7,62,21.8
9/23/12,54,46.7,40.8,62,20.8
9/24/12,50,46.7,37.2,61,21.5
9/25/12,48,46.7,16.5,60,21.2
9/26/12,50,46.7,16.9,60,21.1
9/27/12,52,46.7,17.6,60,20.2
9/28/12,55,46.7,16.9,60,21.1
9/29/12,55,46.7,20.8,60,20.1
9/30/12,54,46.7,10.9,60,20.5
10/1/12,56,0,16.8,60,20.4
10/2/12,57,0,21.9,60,21.2
10/3/12,55,0,23,60,20.1
10/4/12,53,0,26,60,20.8
10/5/12,48,0,26.8,59,20
10/6/12,46,0,20.2,58,20.7
10/7/12,44,0,17.7,57,20.6
10/8/12,45,0,28.9,57,20.1
10/9/12,39,0,16.1,56,19.8
10/10/12,43,0,17.8,55,19.8
10/11/12,45,0,17.7,55,19.6
10/12/12,44,0,22.9,53,18.8
10/13/12,47,0,12.1,53,18.9
10/14/12,45,0,26.5,53,19.7
10/15/12,49,0,26.6,53,18.6
10/16/12,52,0,25.4,54,19.1
10/17/12,44,0,9.6,55,19.2
10/18/12,47,0,26.8,54,19.7
10/19/12,51,0,24.2,54,19.4
10/20/12,48,0,32.2,54,19.4
10/21/12,38,0,42.3,54,19.6
10/22/12,28,0,46.3,52,19
10/23/12,27,3.6,41.5,49,18.3
10/24/12,25,3.9,34.8,46,17.7
10/25/12,28,4.3,29.4,45,18.3
10/26/12,29,4.4,11.3,43,17.8
10/27/12,43,4.4,9.1,42,17.2
10/28/12,43,4.4,22,41,16.9
10/29/12,46,4.4,23.2,40,16.8
10/30/12,48,4.4,23.7,40,16.7
10/31/12,46,4.4,40.3,39,17.2
11/1/12,37,4.4,45.6,39,16.6
11/2/12,35,5,9.3,38,16.8
11/3/12,43,5,6.9,38,16.4
11/4/12,44,5,13,38,16.6
11/5/12,46,5,11,38,17.1
11/6/12,48,5,16.6,37,16.5
11/7/12,49,5,38.2,37,16.5
11/8/12,39,5,38,37,16.7
11/9/12,18,5.9,28.1,37,16.7
11/10/12,17,5.9,23.3,36,16.7
11/11/12,15,6.4,13.2,36,16.8
11/12/12,35,6.4,23,36,17.5
11/13/12,36,6.5,19.9,36,17.2
11/14/12,39,6.5,16.3,36,17.2
11/15/12,41,6.5,22.2,36,17.8
11/16/12,35,6.5,25.2,36,18.2
11/17/12,34,6.6,49.5,36,18.4
11/18/12,31,8.9,46.2,36,18.4
11/19/12,30,9.9,28,36,18.4
11/20/12,35,10.1,48.9,35,18.9
11/21/12,33,10.2,55.9,35,18.8
11/22/12,36,11.1,11.6,35,19.3
11/23/12,41,11.1,16.9,35,19.9
11/24/12,45,11.2,22.2,35,21.1
11/25/12,42,11.2,23.3,35,25.2
11/26/12,36,11.2,22.1,35,29.7
11/27/12,42,11.2,30.4,35,31.5
11/28/12,39,11.2,58.8,35,32.3
11/29/12,35,11.5,48.7,35,32.7
11/30/12,34,12.5,46.4,35,33.1
12/1/12,34,16.1,60.4,35,33.3
12/2/12,38,18.9,58.1,35,33.7
12/3/12,30,20.8,32.4,35,36
12/4/12,38,20.9,42.9,35,36.5
12/5/12,30,21.5,30.8,35,36.7
12/6/12,36,23.1,19.4,35,37.3
12/7/12,33,23.1,26.2,35,37.4
12/8/12,35,23.1,19.2,35,37.4
12/9/12,32,23.1,16.4,35,37.5
12/10/12,34,23.1,16.9,35,37.5
12/11/12,36,23.1,50.2,35,37.4
12/12/12,27,23.2,34.5,35,37.5
12/13/12,14,23.9,6.5,35,37.6
12/14/12,17,23.9,19.6,35,37.6
12/15/12,17,24.1,34.3,35,37.7
12/16/12,23,24.1,41.1,35,37.6
12/17/12,30,24.4,56.2,34,37.6
12/18/12,23,25.1,16.4,34,37.6
12/19/12,8,25.8,22.4,34,37.7
12/20/12,25,26.2,49.6,34,37.6
12/21/12,29,26.2,46,34,37.7
12/22/12,28,26.2,50.3,34,37.6
12/23/12,23,28.4,50.1,34,37.6
12/24/12,26,30.1,37.7,34,37.5
12/25/12,29,30.6,35.3,34,37.5
12/26/12,25,31.9,36.9,34,37.6
12/27/12,19,32.5,11,34,37.6
12/28/12,15,32.5,26.8,34,37.4
12/29/12,21,32.5,14.7,34,37.5
12/30/12,19,32.5,14.9,34,37.4
12/31/12,14,32.5,15.2,34,37.4
1/1/13,24,32.5,19.4,34,37.4
1/2/13,26,32.5,8.8,34,37.5
1/3/13,35,32.5,18.2,34,37.4
1/4/13,34,32.5,14.4,34,37.5
1/5/13,35,32.5,27.5,34,37.4
1/6/13,29,32.5,15.6,34,37.5
1/7/13,23,32.5,14.4,34,37.4
1/8/13,31,32.6,13,34,37.3
1/9/13,45,32.6,42.2,34,37.4
1/10/13,15,33.2,25.1,34,37.5
1/11/13,12,33.2,20.7,34,37.4
1/12/13,7,33.2,10.9,34,37.5
1/13/13,9,33.2,20.9,34,37.6
1/14/13,5,33.2,20.9,34,37.5
1/15/13,24,33.2,22.2,34,37.5
1/16/13,32,33.2,13.3,34,37.6
1/17/13,31,33.2,6.8,34,37.5
1/18/13,36,33.2,6.7,34,37.5
1/19/13,34,33.2,8.3,34,37.5
1/20/13,35,33.2,12.1,34,37.5
1/21/13,36,33.2,10,34,37.5
1/22/13,42,33.2,27.6,34,37.5
1/23/13,40,33.5,34.8,34,37.5
1/24/13,34,33.5,32.3,34,37.5
1/25/13,37,33.5,22.2,34,37.4
1/26/13,36,33.8,44.8,34,37.5
1/27/13,24,34,35.6,34,37.6
1/28/13,15,34,22.1,34,37.6
1/29/13,26,34,38.7,34,37.6
1/30/13,30,34,15.1,34,37.7
1/31/13,34,34,20.2,34,37.8
2/1/13,38,34,10.9,34,37.7
2/2/13,36,34,21.1,34,37.8
2/3/13,38,34,19.6,34,37.8
2/4/13,35,34,18.2,34,37.8
2/5/13,37,34,42.1,34,37.8
2/6/13,26,34,18.4,34,37.9
2/7/13,29,34.1,34.8,34,37.8
2/8/13,16,34.2,20.8,34,37.9
2/9/13,14,34.2,16.5,34,37.8
2/10/13,21,34.2,24.7,34,37.8
2/11/13,19,34.2,21.3,34,37.8
2/12/13,26,34.2,8.4,34,37.8
2/13/13,30,34.2,14.4,34,37.9
2/14/13,31,34.2,18,34,37.8
2/15/13,30,34.2,11.8,34,37.8
2/16/13,42,34.2,19.9,34,37.7
2/17/13,34,34.2,24.7,34,37.6
2/18/13,32,34.2,41.5,34,37.5
2/19/13,25,34.2,48.3,34,37.7
2/20/13,17,34.7,23.9,34,37.6
2/21/13,20,34.9,20.3,34,37.6
2/22/13,23,34.9,31,34,37.7
2/23/13,27,34.9,42.8,33,37.6
2/24/13,17,34.9,28.1,34,37.7
2/25/13,34,34.9,30.6,33,37.5
2/26/13,26,34.9,18.5,33,37.6
2/27/13,28,34.9,18.7,33,37.5
2/28/13,31,34.9,18.5,33,37.5
3/1/13,35,34.9,8.2,33,37.5
3/2/13,41,34.9,33.5,33,37.5
3/3/13,33,34.9,38.2,33,37.5
3/4/13,28,35.4,22.7,33,37.5
3/5/13,32,35.4,45.7,33,37.6
3/6/13,27,35.8,54.8,33,37.6
3/7/13,21,36.8,21.8,33,37.8
3/8/13,23,36.8,13.1,33,37.7
3/9/13,25,36.8,19,33,37.8
3/10/13,28,36.8,17.4,33,37.9
3/11/13,36,36.8,11.6,33,37.9
3/12/13,39,36.9,12,33,38
3/13/13,46,36.9,23.9,33,38
3/14/13,47,36.9,27.3,33,38.2
3/15/13,44,36.9,19.8,33,38.5
3/16/13,42,36.9,26.1,33,38.7
3/17/13,32,36.9,20.3,33,38.7
3/18/13,36,36.9,22.2,33,38.8
3/19/13,32,36.9,35.5,33,38.8
3/20/13,32,37.2,52.7,33,38.8
3/21/13,31,37.9,37.2,33,38.9
3/22/13,26,38.7,22.1,33,38.9
3/23/13,27,38.7,20.8,33,38.8
3/24/13,34,38.7,21,33,38.8
3/25/13,38,38.7,36.3,33,38.8
3/26/13,33,38.7,36.9,33,39
3/27/13,33,38.7,24.6,33,39.1
3/28/13,34,38.9,29.2,33,39.1
3/29/13,36,38.9,13.1,33,39.4
3/30/13,40,39,18.8,33,39.7
3/31/13,42,39,25.2,33,39.7
4/1/13,30,39.2,22.4,33,39.6
4/2/13,30,39.3,14.4,33,39.4
4/3/13,37,39.3,25.1,33,39.6
4/4/13,43,39.3,43.3,33,39.9
4/5/13,32,39.9,36.4,33,39.9
4/6/13,32,40.1,36.2,33,39.9
4/7/13,32,40.1,47.1,33,39.8
4/8/13,27,40.4,41.4,33,39.6
4/9/13,24,40.4,34.7,33,39.5
4/10/13,34,40.4,26.3,33,39.4
4/11/13,41,40.6,25.8,33,40
4/12/13,37,40.6,21.9,33,40
4/13/13,41,40.6,30.9,33,40
4/14/13,36,40.6,40.7,33,40
4/15/13,30,40.6,34.7,33,39.9
4/16/13,21,41,21.5,33,39.7
4/17/13,20,41,20.2,33,39.4
4/18/13,27,41,17.7,33,39.3
4/19/13,38,41,26,33,39.6
4/20/13,38,41,16.6,33,40
4/21/13,42,41,17.6,33,40.1
4/22/13,43,41,13.4,33,40.1
4/23/13,33,41,20.5,33,40
4/24/13,38,41,24.4,33,40
4/25/13,39,41,20.7,33,40
4/26/13,43,41,17.2,33,40
4/27/13,49,41,17.1,33,40.1
4/28/13,47,41,14.9,33,40.1
4/29/13,48,41,25.1,33,40.1
4/30/13,46,41,16.8,36,40.1
5/1/13,35,41,22.5,40,39.7
5/2/13,38,41.5,17.4,40,39.3
5/3/13,47,41.5,18.6,42,39.2
5/4/13,46,41.5,16.6,44,39.2
5/5/13,39,41.5,21,43,39
5/6/13,37,41.6,19.8,42,38.9
5/7/13,33,42.1,19.8,39,39.7
5/8/13,36,42.6,12.3,37,40.2
5/9/13,40,42.7,11.8,39,39.9
5/10/13,44,42.7,13.2,42,39.6
5/11/13,51,42.7,16.6,45,39.5
5/12/13,52,42.7,24.4,47,39.3
5/13/13,53,42.7,35.9,48,39.2
5/14/13,52,42.7,24.6,49,39.1
5/15/13,47,42.7,29.2,49,39
5/16/13,42,42.7,30.8,49,38.9
5/17/13,35,43.1,28.6,46,39
5/18/13,37,43.1,22,46,39.1
5/19/13,38,43.1,18.3,46,39
5/20/13,41,43.1,19.3,47,38.9
5/21/13,47,43.1,57.8,49,38.9
5/22/13,36,43.1,41.2,49,38.8
5/23/13,32,43.1,21,48,38.7
5/24/13,37,43.1,26.8,47,38.4
5/25/13,39,43.1,26.3,48,38.4
5/26/13,38,43.1,29.8,48,38.3
5/27/13,39,43.1,32.7,47,38.2
5/28/13,38,43.5,30,45,38.3
5/29/13,40,43.7,33.7,46,39.1
5/30/13,40,44.1,22.1,47,39.3
5/31/13,44,44.1,14.4,48,39.1
6/1/13,50,44.1,22.3,49,39
6/2/13,54,44.1,26.9,51,38.9
6/3/13,53,44.1,13.5,52,38.8
6/4/13,55,44.1,16.3,54,38.8
6/5/13,59,44.1,17.6,54,38.5
6/6/13,58,44.1,18.4,54,38.4
6/7/13,60,44.1,20,55,38.3
6/8/13,63,44.1,16.8,56,38.1
6/9/13,62,44.1,18.9,58,38
6/10/13,57,44.1,33.1,58,37.8
6/11/13,46,44.1,40.5,57,37.7
6/12/13,50,44.1,44.4,57,37.3
6/13/13,42,44.1,25,57,37
6/14/13,42,44.1,13.2,56,36.7
6/15/13,48,44.1,21.9,56,36.5
6/16/13,48,44.1,23.2,56,36.3
6/17/13,46,44.1,26.8,56,35.6
6/18/13,46,44.1,44.9,57,35.4
6/19/13,35,44.1,25.4,56,35.1
6/20/13,38,44.1,26.1,55,34.7
6/21/13,40,44.1,17.4,54,34.4
6/22/13,46,44.1,20.3,55,34
6/23/13,52,44.1,30.6,56,33.6
6/24/13,42,44.1,46.1,54,33.2
6/25/13,43,45.3,48.4,52,33.3
6/26/13,48,46.9,28.9,50,39.7
6/27/13,55,46.9,19.8,52,39.1
6/28/13,60,46.9,18.3,55,38.7
6/29/13,61,46.9,16.6,57,38.4
6/30/13,62,46.9,20,59,38.2
7/1/13,68,46.9,18,60,38
7/2/13,65,46.9,23,62,37.4
7/3/13,62,46.9,30.2,62,37.2
7/4/13,62,48.3,21.9,56,40.1
7/5/13,62,48.3,29.5,59,39.3
7/6/13,59,48.3,29.7,60,38.7
7/7/13,58,48.3,28.9,61,38.4
7/8/13,57,48.3,24.4,62,37.9
7/9/13,60,48.3,23,62,37.3
7/10/13,57,48.3,30.7,62,36.8
7/11/13,59,48.3,36.7,62,36.1
7/12/13,54,48.3,22.4,63,35.7
7/13/13,54,48.3,21.7,63,35.1
7/14/13,57,48.3,22.3,63,34.1
7/15/13,58,48.3,22.1,63,33.5
7/16/13,57,48.3,31.6,64,32.5
7/17/13,52,48.3,17.7,64,31.9
7/18/13,58,48.3,16.2,64,31
7/19/13,64,48.3,15.6,65,30.8
7/20/13,65,48.3,15,65,29.4
7/21/13,69,48.3,20.9,67,29.1
7/22/13,62,48.3,23.4,67,28.6
7/23/13,62,48.3,17.4,67,28.4
7/24/13,57,48.3,17.2,66,28
7/25/13,59,48.3,16.4,66,27.5
7/26/13,57,48.3,20.7,66,27.4
7/27/13,60,48.3,22.1,66,26.7
7/28/13,57,48.3,23.4,67,26.8
7/29/13,56,48.3,35.7,67,26.2
7/30/13,55,48.3,27.7,66,25.7
7/31/13,56,48.3,29.1,66,25.9
8/1/13,51,48.3,35.5,66,25.4
8/2/13,47,48.3,18.8,65,25.7
8/3/13,53,48.3,16.6,64,25.4
8/4/13,55,48.3,20.7,64,25
8/5/13,56,48.3,18.7,65,24.1
8/6/13,55,48.3,22.8,65,24.9
8/7/13,53,48.3,25.3,65,24.5
8/8/13,49,48.3,20.2,65,24.3
8/9/13,49,48.3,29.9,65,23.6
8/10/13,47,48.3,25.5,64,24.7
8/11/13,50,48.3,18.5,64,23.9
8/12/13,52,48.3,24.5,64,23.8
8/13/13,54,48.3,24.6,64,23.7
8/14/13,57,48.3,20.8,64,23.9
8/15/13,59,48.3,30.3,65,23.6
8/16/13,57,48.3,28,65,24.1
8/17/13,59,48.3,19.6,65,22.7
8/18/13,60,48.3,21.6,66,23.4
8/19/13,62,48.3,17.6,66,23
8/20/13,61,48.3,17.4,65,23.4
8/21/13,57,48.3,15.5,66,23.2
8/22/13,52,48.8,24.4,63,22.6
8/23/13,54,48.8,26.1,62,22.6
8/24/13,53,48.8,29.4,62,23.3
8/25/13,50,48.8,34,62,22.8
8/26/13,50,48.8,31.2,61,22.7
8/27/13,55,48.8,20.7,61,22.6
8/28/13,54,48.8,30.9,61,23
8/29/13,54,48.8,30.2,62,22.4
8/30/13,58,48.8,25,62,22.8
8/31/13,61,48.8,22.1,63,23
9/1/13,58,48.8,24.5,64,22.7
9/2/13,54,48.8,28.2,64,22.5
9/3/13,53,48.8,25.3,63,22.9
9/4/13,56,48.8,29.7,62,22.3
9/5/13,54,48.8,44.9,63,22.5
9/6/13,51,48.9,24.2,63,22.4
9/7/13,56,48.9,24.3,62,22.6
9/8/13,56,48.9,18.2,63,22.2
9/9/13,56,48.9,11.5,63,22.4
9/10/13,56,48.9,15.3,63,22.7
9/11/13,56,48.9,16.1,63,22.5
9/12/13,58,48.9,15.4,62,22.6
9/13/13,53,49.3,17.3,62,21.3
9/14/13,56,49.3,16.9,60,21.8
9/15/13,58,49.3,35,60,21.3
9/16/13,52,49.3,35.6,60,22.3
9/17/13,50,49.3,46.4,60,22.1
9/18/13,38,49.4,9.9,59,21.8
9/19/13,45,49.4,17.5,58,21.3
9/20/13,53,49.4,40.3,58,21.7
9/21/13,41,49.4,37.4,58,21.9
9/22/13,31,50.3,20.3,53,20.3
9/23/13,42,50.6,22.2,50,20.2
9/24/13,47,50.6,42.5,51,20.5
9/25/13,36,50.7,28.7,51,20.9
9/26/13,27,50.7,15.9,49,21
9/27/13,30,50.7,10.5,48,21.3
9/28/13,43,50.8,40.8,48,21.4
9/29/13,44,50.8,59.1,49,22.1
9/30/13,41,50.9,42.5,49,22.2
10/1/13,44,0,26.2,48,22.1
10/2/13,46,0,27.4,49,22.7
10/3/13,36,0,31.2,49,22
10/4/13,31,0,28.3,49,22.2
10/5/13,35,0,11.8,48,22.5
10/6/13,51,0,24.9,48,22.7
10/7/13,49,0,26.9,49,22.2
10/8/13,44,0,20.9,50,23.1
10/9/13,36,0,18.2,49,22.5
10/10/13,35,0.1,20.7,47,22.3
10/11/13,37,0.1,19.8,47,22.1
10/12/13,39,0.1,29.9,47,22.2
10/13/13,34,0.1,21.4,47,22.2
10/14/13,31,0.1,10.6,47,21.9
10/15/13,35,0.1,14.4,47,22.5
10/16/13,36,0.1,25.4,46,22.3
10/17/13,43,0.1,15.9,47,21.7
10/18/13,43,0.1,13.1,47,22.2
10/19/13,46,0.1,14.3,47,22.5
10/20/13,47,0.1,10.8,48,22
10/21/13,47,0.1,10.3,49,22.4
10/22/13,47,0.1,13.6,49,22.3
10/23/13,47,0.1,9.4,49,22.2
10/24/13,46,0.1,18.1,49,22.9
10/25/13,45,0.1,13.8,49,22.4
10/26/13,46,0.1,12.8,49,22.2
10/27/13,48,0.1,50.6,49,21.8
10/28/13,28,0.3,29,49,22.4
10/29/13,27,1,30.9,46,21.7
10/30/13,26,1.3,11.7,44,21.3
10/31/13,34,1.4,10.1,42,20.9
11/1/13,41,1.4,18.2,41,20.5
11/2/13,45,1.4,40,40,20.6
11/3/13,36,1.4,33.5,40,20.7
11/4/13,24,1.4,16.9,39,20.3
11/5/13,27,1.4,15.5,38,20
11/6/13,40,1.4,17,38,19.7
11/7/13,45,1.4,32,38,20.4
11/8/13,40,1.4,30.2,39,19.8
11/9/13,42,1.4,23.2,39,20.3
11/10/13,45,1.4,23.8,40,20.9
11/11/13,49,1.4,31.4,41,20.7
11/12/13,49,1.4,23.6,41,20.9
11/13/13,47,1.4,12.7,41,20.9
11/14/13,40,1.4,27.2,42,21.3
11/15/13,35,1.4,23.7,42,21.1
11/16/13,32,1.4,32.8,41,21.4
11/17/13,34,1.4,16,39,20.9
11/18/13,44,1.4,34.5,39,21.4
11/19/13,33,1.7,41.8,39,21.3
11/20/13,33,2.2,23.4,38,21.4
11/21/13,30,2.5,29.2,37,21.6
11/22/13,19,2.5,30.4,37,21
11/23/13,29,2.5,27.4,37,21.5
11/24/13,30,2.5,13.8,36,21.6
11/25/13,35,2.6,10.8,36,21.4
11/26/13,44,2.6,14.9,36,21.4
11/27/13,38,2.6,16.5,36,21.1
11/28/13,35,2.6,7.2,36,21.7
11/29/13,31,2.6,10,36,21.4
11/30/13,36,2.6,12.2,36,21.8
12/1/13,35,2.6,18.2,35,21.7
12/2/13,43,2.6,39,35,21.8
12/3/13,32,2.6,18.1,35,22.4
12/4/13,10,2.6,7.6,35,24.6
12/5/13,8,3,20,35,27.7
12/6/13,14,3,45,35,29
12/7/13,18,3,43.5,34,29.9
12/8/13,45,4,14.1,34,30
12/9/13,8,4.5,16.4,34,30.2
12/10/13,35,4.5,10.2,34,30.2
12/11/13,28,4.5,15.9,34,30.3
12/12/13,38,4.5,27,34,30.3
12/13/13,32,4.5,21.2,34,30.4
12/14/13,30,4.5,7,34,30.6
12/15/13,46,4.5,12.3,34,30.4
12/16/13,44,4.5,14.3,34,30.4
12/17/13,48,4.5,25.2,34,30.2
12/18/13,45,4.5,33.6,34,30.4
12/19/13,30,4.5,18.6,34,30.5
12/20/13,17,4.6,19.9,34,30.3
12/21/13,35,4.7,22.1,34,30.6
12/22/13,30,4.7,18.8,34,30.6
12/23/13,34,4.7,9.1,34,30.4
12/24/13,37,4.8,7.7,34,30.6
12/25/13,33,4.8,7.7,34,30.6
12/26/13,39,4.8,6.9,34,30.3
12/27/13,45,4.8,23.1,34,30.5
12/28/13,39,4.8,24.1,34,30.5
12/29/13,29,4.8,13.2,34,30.4
12/30/13,44,4.8,25.5,34,30.4
12/31/13,41,4.8,22.7,34,30.3
1/1/14,37,4.8,18.9,34,30.5
1/2/14,42,4.8,20.7,34,30.5
1/3/14,43,4.8,22.7,34,30.5
1/4/14,40,4.8,19.3,34,30.3
1/5/14,31,4.8,11.3,34,30.3
1/6/14,38,4.8,25,34,30.3
1/7/14,36,4.8,32,34,30.4
1/8/14,32,4.8,26.7,34,30.4
1/9/14,33,4.8,27.4,34,30.4
1/10/14,36,4.8,21.4,34,30.6
1/11/14,41,4.8,46.7,34,30.6
1/12/14,25,5.5,25.9,34,30.5
1/13/14,28,5.5,13.6,34,30.5
1/14/14,38,5.5,13.2,33,30.5
1/15/14,41,5.5,17.6,33,30.7
1/16/14,38,5.5,16.7,33,30.3
1/17/14,38,5.5,11.7,33,30.4
1/18/14,41,5.5,16.1,33,30.6
1/19/14,45,5.5,22.6,33,30.5
1/20/14,37,5.5,13.4,33,30.4
1/21/14,43,5.5,17.5,33,30.2
1/22/14,36,5.5,10.8,33,30.4
1/23/14,30,5.5,26.1,33,30.3
1/24/14,30,5.5,19.1,33,30.2
1/25/14,40,5.5,12.2,33,30.3
1/26/14,35,5.5,5.7,33,30.2
1/27/14,38,5.5,11.8,33,30.2
1/28/14,40,5.5,18.8,33,30.1
1/29/14,40,5.5,42.9,33,36.9
1/30/14,32,7.8,22.8,33,40.5
1/31/14,23,8.6,10.3,33,39.2
2/1/14,16,8.6,21,33,38.8
2/2/14,20,8.6,19.8,33,38.3
2/3/14,20,8.6,23.1,33,38
2/4/14,19,8.6,20.9,33,37.8
2/5/14,24,8.6,29.9,33,37.5
2/6/14,22,8.6,33.4,33,37.4
2/7/14,26,9.1,52.7,33,37.2
2/8/14,31,10.2,40.8,33,37.1
2/9/14,34,13.4,42.1,33,37
2/10/14,34,19.3,39.6,33,37.1
2/11/14,33,19.7,28.3,33,37
2/12/14,38,19.7,39.4,33,36.9
2/13/14,40,19.7,32.8,33,36.9
2/14/14,39,19.9,47.3,33,37.1
2/15/14,41,19.9,49.6,33,37.3
2/16/14,32,20.1,44.1,33,37.8
2/17/14,38,20.4,40.4,33,37.9
2/18/14,34,20.4,35.5,33,38
2/19/14,33,20.4,43.5,33,37.9
2/20/14,30,20.4,15.9,33,38
2/21/14,34,20.4,17.1,33,37.9
2/22/14,31,20.4,14.5,33,38
2/23/14,37,20.4,17.1,33,38
2/24/14,38,20.4,16.3,33,38
2/25/14,41,20.4,16.2,33,38
2/26/14,40,20.4,44,33,38.2
2/27/14,32,20.8,55.3,33,38.4
2/28/14,37,21.8,41.1,33,38.4
3/1/14,28,22.5,26.4,33,38.4
3/2/14,31,22.5,40.3,33,38.4
3/3/14,32,22.5,27.7,33,38.4
3/4/14,31,23,28.4,33,38.4
3/5/14,36,24,39,33,38.3
3/6/14,36,24.3,42.4,33,38.4
3/7/14,26,25.1,16.2,33,38.4
3/8/14,30,25.1,20.5,33,38.4
3/9/14,40,25.1,42.3,33,38.4
3/10/14,36,25.1,43.9,33,38.4
3/11/14,26,25.6,32.6,33,38.4
3/12/14,26,25.6,29.5,33,38.4
3/13/14,30,25.6,14.7,33,38.4
3/14/14,38,25.6,19.1,33,38.4
3/15/14,36,25.6,5.3,33,38.4
3/16/14,44,25.6,39.3,33,38.4
3/17/14,35,25.6,40.7,33,38.3
3/18/14,26,25.6,15.3,33,38.6
3/19/14,28,25.6,24,33,38.6
3/20/14,37,25.6,22.4,33,38.7
3/21/14,37,25.6,22,33,38.7
3/22/14,34,25.6,18.3,33,38.8
3/23/14,34,25.6,12.3,33,39.1
3/24/14,37,25.6,19.3,33,39.4
3/25/14,41,25.6,44.7,33,39.8
3/26/14,28,25.6,46.1,33,39.5
3/27/14,25,26.4,47,33,39.3
3/28/14,28,26.9,44.1,33,39.2
3/29/14,32,27.4,41,33,39
3/30/14,25,27.4,32.1,33,38.9
3/31/14,25,27.4,39.9,33,38.8
4/1/14,18,28.4,28.5,33,38.8
4/2/14,22,29.6,12.6,33,38.7
4/3/14,26,29.6,27.4,33,38.7
4/4/14,28,29.6,24.4,33,38.6
4/5/14,26,29.7,13.5,33,38.6
4/6/14,33,30,15.9,33,38.6
4/7/14,39,30,19,33,38.5
4/8/14,44,30,21.7,33,38.5
4/9/14,44,30,27.5,33,38.6
4/10/14,43,30,19.7,33,39.6
4/11/14,46,30,16.6,33,40.1
4/12/14,45,30,23.1,33,40.2
4/13/14,41,30,19.7,33,40.2
4/14/14,37,30,18.4,33,40.2
4/15/14,43,30,24,33,40.2
4/16/14,43,30,16,33,40.2
4/17/14,43,30,40.6,33,40.2
4/18/14,41,30,21.1,33,40.3
4/19/14,42,30,29.9,33,40.2
4/20/14,40,30,14.7,33,40.1
4/21/14,43,30,36.3,33,40.2
4/22/14,33,30,40,33,40
4/23/14,26,30.6,19.4,33,39.6
4/24/14,36,30.7,48.7,33,39.4
4/25/14,32,30.8,33.5,33,39.5
4/26/14,25,32.3,39.6,33,39.5
4/27/14,24,32.3,29.6,33,39.3
4/28/14,29,32.3,17.1,33,39.2
4/29/14,37,32.5,18.9,33,39.1
4/30/14,41,32.5,18.7,33,39.1
5/1/14,43,32.5,17.5,33,39.6
5/2/14,48,32.5,33.7,33,40.2
5/3/14,45,32.5,43.3,33,40.2
5/4/14,42,32.5,42.1,33,40.2
5/5/14,36,32.5,45.1,33,40.2
5/6/14,28,32.5,15.6,33,40.1
5/7/14,34,32.6,20.3,33,39.9
5/8/14,36,32.6,58.1,33,40.1
5/9/14,35,32.9,43.9,33,40.3
5/10/14,33,33.1,25.4,33,40.1
5/11/14,26,33.2,26.6,33,39.9
5/12/14,39,33.4,14.9,33,40.1
5/13/14,43,33.4,13.8,33,40
5/14/14,47,33.4,17.3,38,39.9
5/15/14,51,33.4,23.1,42,39.6
5/16/14,54,33.4,32,44,39.3
5/17/14,51,33.4,36.1,45,39.2
5/18/14,40,33.4,41.3,46,39
5/19/14,36,33.4,31.7,46,38.8
5/20/14,35,33.4,19.1,45,38.6
5/21/14,39,33.4,22.4,42,38.7
5/22/14,43,33.4,18.8,43,39
5/23/14,43,33.7,20.2,46,39
5/24/14,50,33.7,18,47,38.9
5/25/14,49,33.7,18.5,48,38.9
5/26/14,56,33.7,27.9,51,38.9
5/27/14,51,33.7,45.5,52,38.8
5/28/14,43,33.7,31.5,52,38.7
5/29/14,39,33.7,19,52,38.6
5/30/14,47,33.7,24.4,52,38.4
5/31/14,44,33.7,25.9,52,38.3
6/1/14,45,33.7,22.3,53,38.2
6/2/14,52,33.7,24.8,53,38.1
6/3/14,47,33.7,20.8,54,38
6/4/14,48,33.7,16,55,37.7
6/5/14,52,33.7,19.9,55,37.6
6/6/14,56,33.7,16.4,56,37.4
6/7/14,56,33.7,22.9,56,37.2
6/8/14,55,33.7,16.9,57,36.9
6/9/14,57,33.7,31.2,58,36.6
6/10/14,60,33.7,19.3,59,36.3
6/11/14,55,33.7,24.9,60,35.8
6/12/14,54,33.7,47.5,60,35.4
6/13/14,46,33.7,33.9,59,34.8
6/14/14,43,33.7,23.6,58,34.3
6/15/14,46,33.7,30.4,56,33.8
6/16/14,44,33.7,47.8,56,33.7
6/17/14,38,33.7,25,56,33.3
6/18/14,39,33.7,22.8,54,32.8
6/19/14,47,33.7,26.4,55,32.5
6/20/14,53,33.8,23.1,56,32.2
6/21/14,52,33.8,32.3,57,31.6
6/22/14,49,33.8,21.5,58,30.9
6/23/14,53,33.8,21.4,58,30.1
6/24/14,54,33.8,29,59,30
6/25/14,50,33.8,45.4,59,29.4
6/26/14,45,33.8,33.1,59,29
6/27/14,45,33.8,28.8,56,28.3
6/28/14,50,33.8,24.1,56,28.4
6/29/14,56,33.8,23.5,57,28.3
6/30/14,57,33.8,16.4,59,27.4
7/1/14,64,34,22.2,60,27.1
7/2/14,62,34,23.4,62,26.7
7/3/14,59,34,21,63,26.5
7/4/14,59,34,30.1,63,26.3
7/5/14,58,34,23.6,63,26.4
7/6/14,62,34,20.7,64,26.3
7/7/14,62,34,16.4,64,25.3
7/8/14,64,34,17.6,64,25.8
7/9/14,60,34,24.6,64,25.8
7/10/14,58,34,19,65,25.1
7/11/14,56,34,20.8,65,24.8
7/12/14,56,34,17.9,66,24.6
7/13/14,62,34,23.7,65,24.5
7/14/14,67,34,22.2,67,24.9
7/15/14,64,34,25,67,24.4
7/16/14,62,34,18.7,68,24
7/17/14,63,34,12.5,68,23.8
7/18/14,64,34,17.1,67,23.6
7/19/14,62,34,18.4,67,23.7
7/20/14,62,34,30.7,67,23.7
7/21/14,51,34.1,30.3,65,23
7/22/14,52,34.2,23.1,64,23.1
7/23/14,52,34.3,37.2,63,23.3
7/24/14,52,34.3,19,62,23.1
7/25/14,60,34.3,27,63,22.9
7/26/14,59,34.3,22.7,64,22.4
7/27/14,64,34.3,17.2,65,23.4
7/28/14,62,34.3,20.3,65,23.5
7/29/14,58,34.3,15.9,66,23.4
7/30/14,58,34.3,24.1,67,23.2
7/31/14,57,34.3,16,66,23.1
8/1/14,61,34.3,21.4,65,22.4
8/2/14,60,34.4,25.5,66,22
8/3/14,61,34.5,22,66,22.7
8/4/14,57,34.6,14.4,66,22.4
8/5/14,45,34.7,12.7,63,22.2
8/6/14,49,34.8,18.1,60,21.3
8/7/14,52,34.8,17.4,60,22.1
8/8/14,55,34.8,23.4,60,22.3
8/9/14,57,34.8,19.9,61,21.9
8/10/14,55,34.8,13.3,62,22.6
8/11/14,56,34.9,13.8,61,22.3
8/12/14,55,35,31.6,60,21.6
8/13/14,53,35,34.4,60,22
8/14/14,48,35,29.5,60,21.5
8/15/14,52,35,19.6,60,22.4
8/16/14,57,35,24.3,61,21.9
8/17/14,57,35,27.3,62,22
8/18/14,56,35,21.3,63,22.7
8/19/14,57,35,23.6,64,22.2
8/20/14,57,35,25.5,64,22.5
8/21/14,52,35,23.5,64,22.4
8/22/14,53,35,33.5,64,22.7
8/23/14,49,35,17,64,22.6
8/24/14,53,35,22.5,64,22.3
8/25/14,52,35,23.1,64,21.8
8/26/14,47,35,12.3,63,22
8/27/14,54,35,15.5,63,21.9
8/28/14,57,35,19.3,64,22.3
8/29/14,56,35,21.8,65,22.5
8/30/14,57,35,32.5,64,22.2
8/31/14,53,35,22.6,64,21.6
9/1/14,53,35,15.6,64,21.5
9/2/14,58,35,25.2,64,22.2
9/3/14,57,35,18.8,65,21.6
9/4/14,53,35,17.9,65,22.1
9/5/14,52,35,18.2,65,22.2
9/6/14,58,35,23.9,64,20.8
9/7/14,57,35,22.6,64,22.1
9/8/14,56,35,34.3,64,21.4
9/9/14,49,35,20.4,64,21.3
9/10/14,52,35,15.8,63,21.1
9/11/14,55,35,16.7,63,20.7
9/12/14,57,35,27.2,64,21
9/13/14,58,35,24.5,64,21.2
9/14/14,56,35,30.7,63,20.9
9/15/14,58,35,29.2,63,21.2
9/16/14,57,35,27.6,63,20.9
9/17/14,57,35,38.7,63,20.6
9/18/14,52,35,28.3,62,20.9
9/19/14,45,35,17.9,60,19.8
9/20/14,55,35,17.7,60,19.7
9/21/14,53,35,15.2,61,21
9/22/14,51,35,18.5,59,20
9/23/14,52,35,23.7,58,20.3
9/24/14,52,35,30.9,58,19.6
9/25/14,49,35,35,59,19.6
9/26/14,40,35.1,24,56,19
9/27/14,34,36,14.6,53,18.8
9/28/14,36,37.1,12.9,49,18.5
9/29/14,38,37.2,16.4,47,18.2
9/30/14,46,37.2,23.8,49,18.6
10/1/14,39,0,15,50,18.6
10/2/14,43,0,8.4,50,18.3
10/3/14,49,0,7.2,51,18.8
10/4/14,56,0.1,10,52,19.3
10/5/14,53,0.1,10.2,53,19.8
10/6/14,54,0.1,15.6,54,20.2
10/7/14,56,0.1,19.1,55,20.1
10/8/14,55,0.1,16.8,55,20.1
10/9/14,49,0.1,18,55,20.1
10/10/14,47,0.1,15.2,54,20.1
10/11/14,47,0.1,21,54,20.5
10/12/14,47,0.1,14,54,20.6
10/13/14,48,0.1,25.3,54,20.1
10/14/14,51,0.1,36.5,54,20.6
10/15/14,40,0.6,47.6,54,20.3
10/16/14,39,0.6,23.7,50,20
10/17/14,44,0.6,23.8,49,20.1
10/18/14,45,0.7,14.2,49,19.9
10/19/14,48,0.7,24.2,49,19.6
10/20/14,46,0.8,35.4,49,19.7
10/21/14,31,0.9,30.1,49,20
10/22/14,41,0.9,28.3,47,20
10/23/14,44,0.9,39.6,47,19.2
10/24/14,46,0.9,34.7,46,19.1
10/25/14,46,0.9,42.3,47,19.5
10/26/14,33,1.4,39.9,45,19.2
10/27/14,32,1.4,14.4,43,18.8
10/28/14,44,1.5,14.4,42,19
10/29/14,46,1.5,13.7,44,19.5
10/30/14,50,1.5,27.7,45,19.3
10/31/14,43,1.6,35.8,46,19.8
11/1/14,31,1.6,29.1,44,19.4
11/2/14,26,2.1,14.4,42,19.2
11/3/14,26,2.1,11.3,41,19
11/4/14,37,2.1,12.5,40,18.7
11/5/14,42,2.1,14.6,39,18.7
11/6/14,49,2.1,30.7,40,19.7
11/7/14,46,2.1,29.2,42,27.1
11/8/14,46,2.1,12.4,43,30.4
11/9/14,53,2.1,24.1,44,31.4
11/10/14,48,2.1,23.5,44,32
11/11/14,44,2.1,27.2,44,32
11/12/14,42,2.1,28.7,44,32
11/13/14,34,2.2,33.8,42,31.8
11/14/14,33,2.4,25.9,41,32.6
11/15/14,33,2.4,29.1,40,33.6
11/16/14,22,2.4,20,39,33.8
11/17/14,34,2.6,5.2,38,33.7
11/18/14,35,2.8,25.4,37,33.8
11/19/14,39,2.8,38.3,37,33.6
11/20/14,34,3.1,26.6,37,33.5
11/21/14,28,3.2,27.4,37,33.6
11/22/14,34,3.5,48,36,33.7
11/23/14,26,4.9,17.5,36,38.7
11/24/14,28,4.9,14.9,36,37.5
11/25/14,41,4.9,18.6,35,37
11/26/14,51,4.9,31.4,35,38.2
11/27/14,47,4.9,40.9,37,38.4
11/28/14,44,4.9,47.8,37,38
11/29/14,28,5.1,35.3,37,37.5
11/30/14,33,6.1,32.8,36,37.3
12/1/14,33,7.2,23.9,36,37.2
12/2/14,36,7.5,38.8,36,37.1
12/3/14,36,9.3,47.9,36,37.2
12/4/14,35,10.4,48.3,36,37.5
12/5/14,35,11.5,33.1,35,38.5
12/6/14,34,11.8,33.3,35,38.8
12/7/14,38,11.9,31.4,35,39.2
12/8/14,35,11.9,20.9,35,39
12/9/14,41,11.9,27.2,35,38.9
12/10/14,44,11.9,47.3,35,39
12/11/14,40,11.9,57,35,39
12/12/14,32,12.2,40.5,35,39
12/13/14,25,12.8,10.5,35,38.8
12/14/14,28,13,28.8,35,38.8
12/15/14,32,13,35.1,35,38.8
12/16/14,28,13.3,27.3,35,38.7
12/17/14,27,13.8,25.1,35,38.6
12/18/14,25,14,31.6,35,38.5
12/19/14,31,14,44.3,35,38.4
12/20/14,30,15.1,45.8,35,38.4
12/21/14,36,15.5,30.2,35,38.3
12/22/14,36,15.5,12.9,35,38.5
12/23/14,38,15.5,19.9,35,38.6
12/24/14,44,15.6,48,35,38.7
12/25/14,18,15.9,25.3,35,38.7
12/26/14,17,15.9,21.3,35,38.7
12/27/14,22,15.9,20,34,38.7
12/28/14,33,15.9,28.7,34,38.6
12/29/14,25,15.9,31.9,34,38.4
12/30/14,17,15.9,31.2,34,38.2
12/31/14,6,15.9,28.3,34,38.2
1/1/15,18,15.9,17.7,34,38
1/2/15,30,15.9,6.7,34,37.9
1/3/15,33,15.9,17.5,34,37.7
1/4/15,37,15.9,20.6,34,37.7
1/5/15,39,15.9,8.9,34,37.6
1/6/15,45,15.9,17.6,34,37.3
1/7/15,44,15.9,13.4,34,37.4
1/8/15,42,15.9,15.2,34,37.5
1/9/15,41,15.9,13.6,34,37.4
1/10/15,40,15.9,14.9,34,37.5
1/11/15,37,15.9,19.7,34,37.6
1/12/15,34,15.9,20.7,34,37.7
1/13/15,27,15.9,14.5,34,37.7
1/14/15,31,15.9,16.8,34,38
1/15/15,36,15.9,22.2,34,37.9
1/16/15,38,15.9,40.3,34,38
1/17/15,38,16.1,31.4,34,38
1/18/15,39,16.1,31.6,34,38.7
1/19/15,38,16.1,20.4,34,39.4
1/20/15,36,16.1,11.7,34,39.5
1/21/15,27,16.1,15.1,34,39.3
1/22/15,31,16.1,18.8,34,39.3
1/23/15,32,16.1,21.7,34,39.1
1/24/15,33,16.1,26.3,34,38.9
1/25/15,41,16.1,16.2,34,38.7
1/26/15,42,16.1,18.3,34,38.9
1/27/15,39,16.1,24.6,34,39.1
1/28/15,31,16.2,11.9,34,39.2
1/29/15,32,16.2,6.9,34,39.1
1/30/15,34,16.2,22.8,34,39
1/31/15,27,16.2,20.7,34,38.8
2/1/15,38,16.2,19.8,34,38.8
2/2/15,42,16.2,24.3,34,38.6
2/3/15,38,16.2,27.1,34,38.8
2/4/15,40,16.2,30.1,34,39.2
2/5/15,42,16.2,44.6,34,39.2
2/6/15,40,16.2,59.9,34,39.1
2/7/15,36,17.4,60.3,34,39.2
2/8/15,36,19.8,68,34,39.3
2/9/15,31,22.2,46.6,33,39.8
2/10/15,27,23.4,7.6,33,39.5
2/11/15,32,23.4,6.9,33,39.2
2/12/15,49,23.4,5.6,33,39.1
2/13/15,50,23.4,20,33,39
2/14/15,49,23.4,18.8,33,39.5
2/15/15,43,23.4,14.6,33,39.5
2/16/15,48,23.4,19.5,33,39.5
2/17/15,41,23.4,15.4,33,39.5
2/18/15,46,23.4,13,33,39.6
2/19/15,43,23.4,14.3,33,39.6
2/20/15,42,23.4,12.9,33,39.6
2/21/15,35,23.4,19.5,33,39.6
2/22/15,26,23.4,26.1,33,39.6
2/23/15,17,23.5,23.2,33,39.3
2/24/15,23,23.5,16.3,33,38.9
2/25/15,40,23.5,11.8,33,38.7
2/26/15,39,23.5,19,33,39
2/27/15,32,23.5,29.4,33,39.6
2/28/15,26,23.9,19.8,33,39.2
3/1/15,25,25,17.8,33,38.9
3/2/15,27,25,21,33,38.8
3/3/15,25,25.2,15.2,33,38.6
3/4/15,23,25.2,12.4,33,38.5
3/5/15,29,25.2,10.5,33,38.3
3/6/15,35,25.2,13.9,33,38.2
3/7/15,36,25.2,6.2,33,38.3
3/8/15,39,25.2,8.2,33,38.9
3/9/15,41,25.2,8.8,33,39.5
3/10/15,40,25.2,26.7,33,39.7
3/11/15,42,25.2,32.8,33,39.6
3/12/15,34,25.6,16.5,33,39.5
3/13/15,38,25.6,19.8,33,39.8
3/14/15,46,25.6,23.8,33,40
3/15/15,46,25.6,43.6,33,40.2
3/16/15,44,25.6,29.2,33,40
3/17/15,39,25.6,27.9,33,40
3/18/15,35,25.6,12.4,33,40
3/19/15,38,25.6,14.7,33,40
3/20/15,46,25.6,37,33,39.9
3/21/15,37,25.6,28.3,33,39.8
3/22/15,35,25.6,43.6,34,39.5
3/23/15,30,25.9,40.4,35,39.4
3/24/15,29,26.3,25,35,39.2
3/25/15,32,26.3,13.3,34,39
3/26/15,40,26.3,14.3,34,39.5
3/27/15,46,26.3,32.4,34,39.9
3/28/15,43,26.3,32.8,34,39.8
3/29/15,42,26.3,15.6,38,39.5
3/30/15,46,26.3,25.5,40,39.3
3/31/15,43,26.3,42.1,41,39.1
4/1/15,27,26.3,24.4,40,38.8
4/2/15,24,26.3,17.1,39,38.6
4/3/15,29,26.3,23.7,39,38.6
4/4/15,33,26.3,41.6,40,38.4
4/5/15,29,26.3,43.2,39,38.3
4/6/15,20,27.1,31,38,38.1
4/7/15,24,27.2,37.7,37,37.9
4/8/15,21,27.6,21.9,36,37.7
4/9/15,29,27.6,16.6,35,37.7
4/10/15,33,27.6,25.5,35,38.7
4/11/15,35,27.6,25.1,35,39.7
4/12/15,35,27.6,15.6,35,39.8
4/13/15,44,27.6,45,38,39.5
4/14/15,28,27.6,39.8,38,39.2
4/15/15,24,27.7,32.2,37,39.6
4/16/15,29,27.7,20,38,39.3
4/17/15,38,27.8,15.4,39,39
4/18/15,45,27.8,12.9,41,38.9
4/19/15,45,27.8,21.5,42,38.8
4/20/15,44,27.8,21.4,44,38.6
4/21/15,47,27.8,17.3,45,38.6
4/22/15,43,27.8,22.6,44,38.5
4/23/15,39,27.9,28.1,43,38.3
4/24/15,34,28.3,41.8,43,38.1
4/25/15,30,28.8,29.1,40,39.3
4/26/15,30,29.8,20,39,39.5
4/27/15,37,29.8,21.1,37,40
4/28/15,41,29.8,30.4,38,39.9
4/29/15,45,29.8,26.6,40,39.5
4/30/15,42,29.8,15.8,43,39.3
5/1/15,45,29.8,18.8,44,39.1
5/2/15,48,29.8,22.3,46,38.9
5/3/15,45,29.8,21.2,47,38.9
5/4/15,45,29.8,20.4,48,38.6
5/5/15,40,29.8,21.6,48,38.4
5/6/15,40,29.8,25.7,48,38.4
5/7/15,32,29.9,28,46,38.2
5/8/15,33,30.7,25.2,43,37.9
5/9/15,37,30.7,16.3,41,39.2
5/10/15,43,30.7,20.5,44,39.2
5/11/15,41,30.7,36,45,39
5/12/15,37,30.7,47.1,45,38.7
5/13/15,35,30.7,27.7,44,38.6
5/14/15,30,30.7,22.4,43,38.4
5/15/15,31,30.7,26.4,43,38.3
5/16/15,33,31.1,15.7,41,38
5/17/15,36,31.1,25.1,39,38.7
5/18/15,34,31.2,19.5,38,39.8
5/19/15,34,31.2,19,39,39.7
5/20/15,36,31.2,17.3,40,39.4
5/21/15,36,31.9,18.6,40,39.8
5/22/15,37,31.9,20.6,40,39.5
5/23/15,39,32.3,15.4,42,40.1
5/24/15,40,32.6,21.5,43,39.9
5/25/15,46,33.1,19.8,45,40.1
5/26/15,45,33.1,23.1,46,39.8
5/27/15,44,33.1,20,47,39.5
5/28/15,46,33.1,19.8,48,39.3
5/29/15,52,33.1,19.8,49,39.1
5/30/15,54,33.1,26.3,50,38.9
5/31/15,55,33.1,26.5,52,38.9
6/1/15,46,33.1,34.6,52,38.8
6/2/15,40,33.1,24.7,52,38.5
6/3/15,46,33.1,24.3,52,38.5
6/4/15,44,33.1,15.3,52,38.4
6/5/15,41,33.3,15.5,51,38.1
6/6/15,45,33.3,17.5,52,38.2
6/7/15,49,33.4,12.3,52,38.1
6/8/15,54,33.4,17.6,53,38
6/9/15,57,33.4,29.2,55,38
6/10/15,47,33.5,14.4,55,37.9
6/11/15,48,34.3,14.9,54,39.4
6/12/15,56,34.3,15.2,55,39.3
6/13/15,60,34.3,24.3,56,39
6/14/15,56,34.3,31.7,57,38.8
6/15/15,56,34.3,29.5,58,38.6
6/16/15,54,34.3,21.1,58,38.3
6/17/15,55,34.3,20.7,58,38.1
6/18/15,57,34.3,34.5,58,37.9
6/19/15,54,34.3,28.2,58,37.3
6/20/15,57,34.3,26.4,58,37
6/21/15,55,34.3,40.6,58,36.5
6/22/15,51,34.3,25.1,58,36
6/23/15,54,34.3,19.1,58,35.5
6/24/15,59,34.3,17.2,59,34.9
6/25/15,62,34.3,20.4,61,34.3
6/26/15,65,34.3,15,62,33.8
6/27/15,63,34.3,22.5,62,32.7
6/28/15,59,34.3,20,63,32.1
6/29/15,59,34.3,17.6,62,31
6/30/15,62,34.3,21,62,30.4
7/1/15,63,34.3,21.5,64,29.8
7/2/15,59,34.3,24.1,64,29.4
7/3/15,56,34.3,17.4,63,28.9
7/4/15,59,34.3,10.6,63,28.4
7/5/15,52,34.3,17.7,61,28.6
7/6/15,57,34.3,19.1,62,28.1
7/7/15,55,34.3,21.1,62,27.2
7/8/15,49,34.4,30.5,61,27.2
7/9/15,46,34.4,19.9,59,26.9
7/10/15,44,35,20.1,55,26.1
7/11/15,46,35,21,55,27.4
7/12/15,51,35,24.1,56,27.7
7/13/15,49,35,22,56,27.9
7/14/15,54,35,20.5,57,27.7
7/15/15,49,35,17.1,58,27.5
7/16/15,55,35,19.7,59,27.3
7/17/15,56,35,22.9,59,27.5
7/18/15,56,35,22.2,60,26.8
7/19/15,54,35,18.8,60,27.3
7/20/15,57,35,20,60,26.5
7/21/15,56,35,16.6,60,26.6
7/22/15,53,35.8,29.8,54,27.1
7/23/15,51,35.8,27.7,55,31.3
7/24/15,51,35.8,21.5,57,31.5
7/25/15,52,35.8,21.7,58,31.2
7/26/15,51,35.8,28.3,59,30.6
7/27/15,49,35.8,14.1,60,30
7/28/15,53,35.8,18.8,60,29.1
7/29/15,57,35.8,19.5,61,28.6
7/30/15,62,35.8,14.3,62,28.2
7/31/15,63,35.8,17.1,63,27.4
8/1/15,64,35.8,15,62,26.9
8/2/15,58,35.8,18,62,26.4
8/3/15,55,35.8,21,62,26.1
8/4/15,53,35.8,20,63,25.8
8/5/15,51,35.8,23.3,62,25.8
8/6/15,54,35.8,18.6,62,25.3
8/7/15,55,35.8,24.1,61,24.8
8/8/15,47,36.1,17,59,24.8
8/9/15,54,36.1,21.9,59,24.6
8/10/15,59,36.1,29.7,60,24.9
8/11/15,51,36.1,23.5,61,24.8
8/12/15,54,36.1,27.8,61,25.1
8/13/15,59,36.1,25.8,62,24
8/14/15,57,36.1,36.7,63,25
8/15/15,57,36.1,21.5,63,24.7
8/16/15,61,36.1,22.8,63,24.6
8/17/15,62,36.1,18.7,64,24.1
8/18/15,61,36.1,19.2,65,24.1
8/19/15,63,36.1,21.6,65,24.3
8/20/15,60,36.1,19.9,66,23.3
8/21/15,59,36.1,24.2,65,23.2
8/22/15,58,36.1,17.9,65,22.9
8/23/15,60,36.1,27,66,24.1
8/24/15,58,36.1,22.9,66,22.7
8/25/15,59,36.2,24.1,66,23.1
8/26/15,56,36.2,27.9,66,22.5
8/27/15,57,36.2,23.6,66,23.1
8/28/15,58,36.2,29.7,66,22.8
8/29/15,54,36.2,45.1,65,23.1
8/30/15,48,36.2,27.7,64,22.1
8/31/15,50,36.2,19.9,64,22.2
9/1/15,54,36.2,25.7,64,22.3
9/2/15,52,36.2,34.5,64,22.3
9/3/15,48,36.2,35.5,64,21.9
9/4/15,44,36.2,43.9,62,22.2
9/5/15,39,36.2,22,61,21
9/6/15,42,36.2,21.4,60,21
9/7/15,52,36.2,16.6,60,20.8
9/8/15,53,36.2,19.3,60,21.8
9/9/15,59,36.2,20.7,61,21
9/10/15,59,36.2,16.5,62,21
9/11/15,62,36.2,13.3,63,21.7
9/12/15,63,36.2,17.7,63,21
9/13/15,63,36.2,23.4,63,21.8
9/14/15,54,36.2,40.7,62,21.8
9/15/15,44,36.3,43.8,60,20.8
9/16/15,37,36.4,32.9,57,20.1
9/17/15,35,36.5,24.6,54,19.9
9/18/15,43,36.5,18.2,55,19.8
9/19/15,50,36.5,16.1,55,19.9
9/20/15,56,36.5,25.7,56,20.7
9/21/15,58,36.5,21.9,57,20.1
9/22/15,55,36.5,33.2,58,20.6
9/23/15,52,36.5,19.3,59,20.9
9/24/15,55,36.5,22.7,59,20.2
9/25/15,59,36.5,34.8,59,20.6
9/26/15,55,36.5,28.3,60,20.4
9/27/15,54,36.5,27.4,60,20.3
9/28/15,53,36.5,21.1,60,20.9
9/29/15,54,36.5,22.2,60,21
9/30/15,52,36.5,24.9,59,20.3
10/1/15,47,0,23.6,58,19.9
10/2/15,40,1.3,18.9,54,24.3
10/3/15,47,1.3,29.5,54,26.2
10/4/15,39,1.6,22.9,53,26.3
10/5/15,43,1.6,12.8,52,26.8
10/6/15,46,1.6,12.3,52,26.9
10/7/15,49,1.6,10,52,27.3
10/8/15,53,1.6,16.8,53,27
10/9/15,60,1.6,19.3,54,27
10/10/15,60,1.6,37.6,55,27.5
10/11/15,51,1.6,21.6,55,26.9
10/12/15,54,1.6,14.7,55,26.5
10/13/15,57,1.6,16.6,56,26.4
10/14/15,56,1.6,12.6,56,25.9
10/15/15,57,1.6,18,56,25.2
10/16/15,51,1.7,13.6,56,25.1
10/17/15,47,1.7,30.9,55,24.7
10/18/15,43,3.4,27,51,34
10/19/15,36,3.6,19,50,36
10/20/15,36,3.6,21.7,49,35.5
10/21/15,38,3.6,17.6,48,35.2
10/22/15,39,3.6,16.2,48,35
10/23/15,42,3.6,17.3,49,34.7
10/24/15,47,3.6,28,48,34.5
10/25/15,47,3.6,40.8,48,34.2
10/26/15,44,3.6,23.7,48,34.1
10/27/15,47,3.6,28,48,33.9
10/28/15,40,3.6,20.2,47,33.4
10/29/15,34,3.9,15.2,46,33.1
10/30/15,35,3.9,17.1,46,33.2
10/31/15,48,3.9,45,46,33.2
11/1/15,44,4.1,41.5,46,33.2
11/2/15,40,5.1,35.2,45,36.2
11/3/15,27,6.7,16.5,42,37.5
11/4/15,23,6.7,17.6,41,37.1
11/5/15,22,6.7,18.5,40,36.9
11/6/15,29,6.8,10.1,40,36.6
11/7/15,40,6.8,25.8,39,36.5
11/8/15,38,6.8,35.7,39,37.7
11/9/15,28,7.1,35.2,38,36.9
11/10/15,23,7.7,15.9,38,36.9
11/11/15,25,7.7,14.3,38,36.6
11/12/15,31,7.7,10,38,36.7
11/13/15,35,7.7,14.6,38,36.7
11/14/15,44,7.7,31,37,37.2
11/15/15,35,7.7,38.8,37,37.4
11/16/15,17,8.4,28.7,37,37.3
11/17/15,26,8.4,19.4,37,37.2
11/18/15,41,8.4,27.9,37,37
11/19/15,39,8.4,16.9,37,36.9
11/20/15,39,8.4,16.3,36,37
11/21/15,35,8.4,16.2,36,37
11/22/15,40,8.4,24.3,36,37.2
11/23/15,43,8.4,31.4,36,37.2
11/24/15,35,8.4,65,36,37.3
11/25/15,18,9.2,23.6,36,37.3
11/26/15,11,9.5,0.4,36,37.2
11/27/15,15,9.7,0.4,36,37.1
11/28/15,13,9.7,5,36,37.1
11/29/15,17,9.7,12.8,36,37.1
11/30/15,30,9.7,23.3,36,36.9
12/1/15,30,9.7,25.3,36,36.9
12/2/15,36,9.7,24.6,36,36.8
12/3/15,41,9.7,44.9,36,36.8
12/4/15,26,10.6,31.4,36,36.9
12/5/15,25,11,34.5,35,37
12/6/15,36,11,46.5,35,37.1
12/7/15,36,11,31.7,35,37.1
12/8/15,39,11,36,35,37.2
12/9/15,44,11,41.4,35,37.2
12/10/15,37,11.3,56.2,35,37.4
12/11/15,24,13.4,28,35,37.7
12/12/15,22,14.7,25.7,35,37.8
12/13/15,30,14.7,45.5,35,37.7
12/14/15,18,15.7,20.3,35,37.8
12/15/15,11,15.9,21,35,37.8
12/16/15,17,15.9,17.8,35,37.7
12/17/15,30,16.1,24.5,35,37.7
12/18/15,30,16.1,37.7,35,37.7
12/19/15,27,16.1,36,35,37.7
12/20/15,19,16.5,39.2,35,37.7
12/21/15,30,16.5,57.3,35,37.7
12/22/15,33,20.1,54.3,35,37.7
12/23/15,28,21.2,38.3,35,37.8
12/24/15,17,21.2,47.6,35,37.7
12/25/15,13,21.2,23.2,35,37.7
12/26/15,11,22.1,21.7,35,37.8
12/27/15,33,22.1,36,35,37.8
12/28/15,20,22.1,24.8,35,37.7
12/29/15,17,22.3,18.6,35,37.8
12/30/15,22,22.3,25.4,34,37.7
12/31/15,18,22.3,11.2,34,37.7
1/1/16,12,22.3,22,34,37.6
1/2/16,21,22.3,31.6,34,37.6
1/3/16,33,22.3,29.9,34,37.5
1/4/16,35,22.3,28.4,34,37.5
1/5/16,29,22.3,38.6,34,37.5
1/6/16,24,22.8,35.1,34,37.4
1/7/16,24,22.9,21.8,34,37.3
1/8/16,19,23.6,15.8,34,37.4
1/9/16,25,23.6,24,34,37.4
1/10/16,26,23.7,6.9,34,37.5
1/11/16,24,23.8,21.1,34,37.5
1/12/16,32,23.8,32.5,34,37.5
1/13/16,30,23.8,56.7,34,37.5
1/14/16,24,24.8,50.8,34,37.5
1/15/16,28,26.2,45.8,34,37.5
1/16/16,27,26.5,42.3,34,37.5
1/17/16,31,27.3,39.9,34,37.5
1/18/16,31,27.9,25.9,34,37.5
1/19/16,30,28.5,43.8,34,37.5
1/20/16,29,29.8,39.2,34,37.5
1/21/16,38,29.8,34.8,34,37.5
1/22/16,35,29.8,44.9,34,37.6
1/23/16,33,29.9,44.2,34,37.6
1/24/16,26,31.4,21.1,34,37.6
1/25/16,29,31.5,13.2,34,37.7
1/26/16,27,31.5,14.2,34,37.7
1/27/16,37,31.5,21.2,34,37.7
1/28/16,41,31.5,35.9,34,37.7
1/29/16,37,31.6,60,34,37.8
1/30/16,34,36.2,43.5,33,39.8
1/31/16,23,36.6,30.9,33,39
2/1/16,14,37.2,26.1,33,38.8
2/2/16,17,37.2,25.4,33,38.7
2/3/16,17,37.2,31.6,33,38.6
2/4/16,26,37.2,21.3,33,38.6
2/5/16,27,37.2,21.9,33,38.5
2/6/16,36,37.2,13.8,33,38.5
2/7/16,35,37.2,23.9,33,38.4
2/8/16,34,37.2,17.4,33,38.5
2/9/16,41,37.2,19.5,33,38.4
2/10/16,47,37.2,16.9,33,38.4
2/11/16,43,37.2,29.6,33,38.4
2/12/16,43,37.2,19.2,33,38.5
2/13/16,40,37.2,18,33,38.5
2/14/16,40,37.2,25.9,33,38.5
2/15/16,37,37.2,11.2,33,38.5
2/16/16,46,37.2,29,33,38.6
2/17/16,48,37.2,59.5,33,38.6
2/18/16,25,37.7,49.7,33,38.7
2/19/16,27,38.9,44,33,38.7
2/20/16,30,39.1,28.8,33,38.7
2/21/16,35,39.1,24.9,33,38.6
2/22/16,31,39.1,13.1,33,38.6
2/23/16,38,39.1,20.2,33,38.6
2/24/16,41,39.1,26.8,33,38.5
2/25/16,40,39.1,15.2,33,38.6
2/26/16,45,39.1,43.4,33,38.6
2/27/16,36,39.1,33.1,33,38.7
2/28/16,38,39.1,26,33,38.7
2/29/16,37,39.1,21.5,33,38.7
3/1/16,40,39.1,39.4,33,38.7
3/2/16,38,39.1,37.1,33,38.8
3/3/16,38,39.1,41.4,33,38.9
3/4/16,37,39.1,32.7,33,39
3/5/16,32,40.3,46.1,33,39.1
3/6/16,31,41.5,42.9,33,39.2
3/7/16,26,43.3,42.2,33,39.1
3/8/16,25,43.5,32.7,33,39
3/9/16,30,43.7,51.3,33,38.9
3/10/16,35,44.6,51,33,38.9
3/11/16,35,44.6,49.8,33,39
3/12/16,25,44.7,43.9,33,38.9
3/13/16,29,46,49.3,33,38.8
3/14/16,33,49.3,54.7,33,38.7
3/15/16,32,49.3,17.4,33,38.7
3/16/16,31,49.3,10.3,33,38.7
3/17/16,37,49.3,12.3,33,38.7
3/18/16,42,49.3,17.1,33,38.5
3/19/16,42,49.3,26.5,33,38.7
3/20/16,40,49.4,34.6,33,38.8
3/21/16,35,50.7,41.3,33,38.8
3/22/16,24,51.3,38.7,33,38.8
3/23/16,23,51.7,15.4,33,38.8
3/24/16,35,51.8,21.4,33,38.7
3/25/16,36,51.8,16.8,33,38.7
3/26/16,33,51.8,20.6,33,38.7
3/27/16,37,51.8,38.3,33,38.6
3/28/16,30,51.8,35.6,33,38.6
3/29/16,21,52.7,17.5,33,38.7
3/30/16,26,52.7,15.1,33,38.7
3/31/16,31,52.7,11.9,33,38.8
4/1/16,41,52.7,13.5,33,38.8
4/2/16,42,52.7,21.7,33,38.9
4/3/16,42,52.7,23.3,33,39.1
4/4/16,39,52.7,26.6,33,39.1
4/5/16,39,52.7,12.1,33,39.2
4/6/16,40,52.7,12.4,33,39.3
4/7/16,48,52.7,16.2,33,39.3
4/8/16,49,52.7,21.9,33,39.3
4/9/16,41,52.8,21.7,33,39.4
4/10/16,36,53.3,12.5,33,39.5
4/11/16,37,53.6,14,33,39.5
4/12/16,38,53.7,28.2,33,39.5
4/13/16,36,53.7,46.2,33,39.5
4/14/16,30,53.7,39.9,33,39.4
4/15/16,26,54,25.3,33,39.3
4/16/16,32,54,19.7,33,39.2
4/17/16,40,54,17.5,33,39.1
4/18/16,43,54,16.8,33,39.5
4/19/16,46,54,17,33,39.5
4/20/16,46,54,26.1,33,39.6
4/21/16,42,54,35,33,39.6
4/22/16,39,54,40.1,33,39.6
4/23/16,26,55.1,21.4,33,39.5
4/24/16,37,55.5,25.8,33,39.2
4/25/16,28,55.6,18.2,33,39.1
4/26/16,29,55.6,23.5,33,38.9
4/27/16,29,55.7,19.9,33,38.8
4/28/16,31,55.8,19.6,33,38.7
4/29/16,35,55.8,29.2,33,38.7
4/30/16,28,56.1,28.1,33,38.7
5/1/16,38,56.1,19.1,33,38.9
5/2/16,40,56.1,14.4,33,39.2
5/3/16,40,56.2,18.8,33,39.5
5/4/16,47,56.2,24.8,33,39.6
5/5/16,44,56.3,16.1,33,39.6
5/6/16,33,56.5,13.4,33,39.6
5/7/16,37,56.8,16.7,33,39.7
5/8/16,38,57,21.2,33,39.7
5/9/16,43,57,22.4,33,39.8
5/10/16,41,57,10.1,33,39.8
5/11/16,40,57,14.2,33,39.8
5/12/16,50,57,22.2,33,39.8
5/13/16,52,57,31.8,33,39.9
5/14/16,46,57,37,33,40
5/15/16,35,57,19.5,33,39.9
5/16/16,39,57.2,17.6,33,39.9
5/17/16,38,57.2,21.1,36,39.8
5/18/16,47,57.2,19.3,40,39.6
5/19/16,48,57.2,55.6,43,39.5
5/20/16,37,57.2,36.2,43,39.2
5/21/16,26,57.6,27.8,40,39
5/22/16,29,57.8,22.5,38,39
5/23/16,33,57.8,20,36,39.4
5/24/16,34,57.9,14.3,36,39.8
5/25/16,34,58,21.4,38,39.7
5/26/16,39,58,18.8,40,39.5
5/27/16,43,58,21.5,42,39.3
5/28/16,43,58,17.1,44,39.2
5/29/16,47,58,17.4,46,39
5/30/16,47,58,16.8,47,39
5/31/16,51,58,17.1,49,38.9
6/1/16,54,58,26.3,51,38.9
6/2/16,50,58,24.6,52,38.7
6/3/16,52,58,14.5,52,38.8
6/4/16,56,58,21.8,54,38.6
6/5/16,57,58,14.8,54,38.5
6/6/16,49,58,16,55,38.4
6/7/16,56,58,25.8,56,38.2
6/8/16,57,58,39.9,57,38.2
6/9/16,51,58,40.8,57,38
6/10/16,46,58,46.2,56,37.9
6/11/16,47,58,16.8,56,37.7
6/12/16,47,58,20.8,55,37.5
6/13/16,48,58,37.2,54,37.3
6/14/16,44,58,38.4,53,37.3
6/15/16,40,58,42.6,53,37
6/16/16,31,58,32.4,51,36.8
6/17/16,38,58.1,36.4,50,36.7
6/18/16,46,58.1,37,51,36.7
6/19/16,48,58.1,21,51,36.6
6/20/16,56,58.1,34.6,53,36.5
6/21/16,59,58.1,25.8,54,36.3
6/22/16,57,58.1,27.8,56,36
6/23/16,55,58.1,28.6,57,35.4
6/24/16,51,58.1,27.9,57,35.1
6/25/16,51,58.1,15.2,58,34.8
6/26/16,57,58.1,16.1,58,34.1
6/27/16,56,58.1,19.5,59,33.5
6/28/16,62,58.1,18.3,60,33.2
6/29/16,62,58.1,22.3,61,32.3
6/30/16,56,58.1,23.6,62,31.2
7/1/16,58,58.2,24.3,62,30.5
7/2/16,61,58.2,,62,29.8
7/3/16,57,58.2,25.1,,
7/4/16,57,58.2,23,62,28.7
7/5/16,53,58.2,24,62,28.3
7/6/16,52,58.2,28.2,62,28
7/7/16,52,58.2,30.4,62,28.1
7/8/16,52,58.2,26.8,62,27.8
7/9/16,49,58.2,51.3,62,27.4
7/10/16,45,58.2,36.7,61,26.6
7/11/16,44,58.2,23.3,60,26.3
7/12/16,52,58.2,25.4,60,26.2
7/13/16,51,58.2,16.8,60,25.7
7/14/16,57,58.2,20.8,61,25.4
7/15/16,63,58.2,22.4,62,25
7/16/16,58,58.2,37.6,62,24.8
7/17/16,55,58.2,27.8,63,24.7
7/18/16,51,58.2,38.8,63,25
7/19/16,50,58.2,27,62,24.6
7/20/16,51,58.2,27.4,62,24.5
7/21/16,56,58.3,32.7,63,24.9
7/22/16,57,58.3,23,63,24.6
7/23/16,55,58.3,16,64,23.8
7/24/16,60,58.3,21.2,64,24
7/25/16,59,58.3,19.7,64,23.9
7/26/16,58,58.3,17.9,65,23.5
7/27/16,67,58.3,19,65,23
7/28/16,66,58.3,16.7,66,23.3
7/29/16,67,58.3,24.8,67,23.5
7/30/16,65,58.3,27.9,68,22.7
7/31/16,63,58.3,27,68,23.4
8/1/16,60,58.3,28.7,68,23.1
8/2/16,61,58.3,25.6,68,23.1
8/3/16,58,58.3,20.2,67,22.4
8/4/16,60,58.3,23.4,67,22.1
8/5/16,57,58.3,34,67,21.7
8/6/16,53,58.3,19.7,67,22.5
8/7/16,50,58.3,19.4,66,22.3
8/8/16,53,58.3,30.1,66,21.3
8/9/16,52,58.3,18.3,65,21.9
8/10/16,52,58.3,18.3,65,21.8
8/11/16,55,58.3,16.5,65,21.3
8/12/16,58,58.3,18.7,65,22
8/13/16,59,58.3,19.1,66,21.9
8/14/16,60,58.3,29.5,67,21.8
8/15/16,60,58.3,21.7,67,21.2
8/16/16,60,58.3,16.2,67,21.1
8/17/16,63,58.3,13.5,67,21.7
8/18/16,63,58.3,23.6,67,21.1
8/19/16,62,58.3,18.4,67,20.5
8/20/16,60,58.3,16.2,67,20.4
8/21/16,64,58.3,19.4,67,20.9
8/22/16,60,58.3,16.7,66,20
8/23/16,58,58.3,24.8,67,21.4
8/24/16,57,58.3,27,67,20.9
8/25/16,55,58.3,18.9,67,20.1
8/26/16,55,58.3,21.6,67,19.8
8/27/16,55,58.3,21.9,67,21
8/28/16,56,58.3,24.8,66,20.9
8/29/16,57,58.3,21,66,20.5
8/30/16,59,58.3,34.3,66,20.6
8/31/16,57,58.3,31.2,67,20.8
9/1/16,53,58.3,30.2,67,19.5
9/2/16,52,58.3,25.6,66,20.7
9/3/16,51,58.3,31.5,65,19.8
9/4/16,46,58.3,24.6,65,19.6
9/5/16,41,58.3,17.7,63,19.5
9/6/16,47,58.3,23.6,62,18.7
9/7/16,52,58.3,18.9,62,18.6
9/8/16,54,58.3,17.7,62,19.9
9/9/16,56,58.3,12.4,63,18.8
9/10/16,57,58.3,19.3,63,19.2
9/11/16,58,58.3,25.8,64,19.8
9/12/16,51,58.3,38,64,19.1
9/13/16,44,58.3,23.1,63,19
9/14/16,42,58.3,17.2,60,18.9
9/15/16,44,58.3,15.9,59,19
9/16/16,48,58.3,16.6,59,18.8
9/17/16,51,58.3,17.8,60,19
9/18/16,58,58.3,22.2,60,18.2
9/19/16,57,58.3,39.3,61,18.8
9/20/16,56,58.3,35.3,61,18.3
9/21/16,51,58.3,46.4,62,18
9/22/16,36,58.3,24.4,60,18.2
9/23/16,33,58.3,14.2,56,17.1
9/24/16,43,58.3,20.2,55,17.1
9/25/16,51,58.4,21.9,55,18.1
9/26/16,54,58.4,16.1,56,17.9
9/27/16,56,58.4,13.7,57,18.8
9/28/16,58,58.4,20.5,58,17.8
9/29/16,55,58.4,34.7,59,18.2
9/30/16,50,58.4,38.2,59,18.1
10/1/16,41,0,35.5,58,17.7
10/2/16,38,0,38.4,57,18.2
10/3/16,28,0.3,32.3,54,16.8
10/4/16,32,0.3,22.5,51,16.6
10/5/16,34,0.3,15.1,49,16
10/6/16,35,0.4,10,48,15.8
10/7/16,42,0.4,8.3,48,16.4
10/8/16,48,0.5,16.8,49,17.4
10/9/16,51,0.5,23.4,50,16.5
10/10/16,50,0.5,33.5,51,17.2
10/11/16,45,0.5,21.5,51,17.4
10/12/16,46,0.5,20.4,51,17.5
10/13/16,46,0.5,53.9,51,17.2
10/14/16,43,0.5,47.5,51,16.5
10/15/16,39,2.8,67.7,46,16.1
10/16/16,37,5.4,59.3,41,39.2
10/17/16,33,11,46.1,36,40
10/18/16,32,11.4,28.2,37,39.7
10/19/16,32,11.4,4.3,38,39.6
10/20/16,43,11.5,13,38,40
10/21/16,52,11.5,29.4,38,40.1
10/22/16,46,11.6,32.4,38,40.1
10/23/16,44,11.6,40.1,40,39.9
10/24/16,42,11.6,48.6,41,39.3
10/25/16,35,11.7,30.6,41,39.3
10/26/16,43,11.9,36.7,41,39.8
10/27/16,44,11.9,41.9,42,39.4
10/28/16,43,14.4,28.5,41,40.6
10/29/16,40,15.7,35.9,42,40.4
10/30/16,41,15.7,56.4,42,39.8
10/31/16,31,17.8,50,40,40.2
11/1/16,31,18.8,45.1,39,39.9
11/2/16,32,19.2,9.2,38,39.8
11/3/16,44,19.2,8.6,38,39.7
11/4/16,46,19.2,20.2,38,40
11/5/16,46,19.3,26.8,37,40.1
11/6/16,40,19.3,28.6,37,40.1
11/7/16,42,19.3,16.8,37,40.1
11/8/16,51,19.3,17.8,39,39.9
11/9/16,51,19.3,17.8,41,39.6
11/10/16,49,19.3,14.3,42,39.4
11/11/16,46,19.3,30,43,39.2
11/12/16,45,19.3,28.6,43,39
11/13/16,43,19.3,19.3,42,38.9
11/14/16,47,19.3,35.6,42,38.8
11/15/16,48,19.3,39.1,42,38.7
11/16/16,32,19.4,33.7,42,38.6
11/17/16,20,19.4,21.7,39,38.4
11/18/16,34,19.5,40.4,38,38.3
11/19/16,39,19.5,41.8,37,38.4
11/20/16,31,20.2,37.2,36,38.3
11/21/16,30,20.9,18.9,36,38.3
11/22/16,27,21,29.8,36,38.2
11/23/16,28,21.2,39.4,36,38.3
11/24/16,32,21.6,23.7,36,38.3
11/25/16,33,22,44.4,36,38.3
11/26/16,37,22,47.1,36,38.4
11/27/16,24,22.4,40.6,36,38.4
11/28/16,24,22.9,40.2,36,38.4
11/29/16,20,23,20.8,36,38.4
11/30/16,35,23.1,27.5,35,38.4
12/1/16,26,23.1,16.7,35,38.3
12/2/16,17,23.1,29.6,35,38.4
12/3/16,29,23.1,13.1,35,38.4
12/4/16,40,23.1,30.7,35,38.4
12/5/16,31,23.1,28.8,35,38.4
12/6/16,28,23.1,39.9,35,38.4
12/7/16,16,23.1,26.9,35,38.4
12/8/16,31,23.3,56.6,35,38.3
12/9/16,35,25.2,45.9,35,38.4
12/10/16,35,25.2,56,35,39.3
12/11/16,31,30.3,35.4,33,40.4
12/12/16,32,30.3,27.2,33,39.8
12/13/16,33,30.3,41.7,34,39.5
12/14/16,37,31,45.9,34,39.4
12/15/16,36,31.4,49.3,34,39.9
12/16/16,35,35.2,50.3,33,40.5
12/17/16,11,35.3,17.3,33,39.9
12/18/16,19,35.3,16.8,33,39.7
12/19/16,41,35.3,16,34,39.6
12/20/16,44,35.4,15.3,34,39.4
12/21/16,31,35.4,12.9,34,39.3
12/22/16,27,35.4,24.7,34,39.1
12/23/16,31,35.4,36.4,34,39
12/24/16,19,36.3,25,34,38.9
12/25/16,7,37.1,9.8,34,38.8
12/26/16,16,37.1,20.7,34,38.7
12/27/16,34,37.1,30.6,34,38.7
12/28/16,35,37.1,21.5,34,38.6
12/29/16,44,37.1,16.3,34,38.5
12/30/16,41,37.1,27.4,34,38.4
12/31/16,31,37.1,18.1,34,38.5
1/1/17,32,37.1,58.4,34,38.5
1/2/17,17,37.1,52.2,34,38.5
1/3/17,21,37.3,53.1,34,38.4
1/4/17,31,40.1,57.2,34,38.3
1/5/17,29,41.8,44.1,34,38.4
1/6/17,13,44.4,30.4,34,38.4
1/7/17,28,44.4,45,34,38.3
1/8/17,35,46.6,58.2,34,40
1/9/17,34,52.6,55.9,32,41.7
1/10/17,28,52.9,73.8,32,40.1
1/11/17,28,56.8,62,33,39.8
1/12/17,21,57.9,19.5,33,39.7
1/13/17,21,60.5,19.3,33,39.5
1/14/17,22,60.5,3.8,33,39.5
1/15/17,28,60.5,9.2,33,39.4
1/16/17,21,60.5,18.4,33,39.3
1/17/17,34,60.5,32.6,33,39.3
1/18/17,35,60.5,45.5,33,39.3
1/19/17,27,61,42.7,33,39.3
1/20/17,23,62.8,43.3,33,39.2
1/21/17,21,64.3,43.3,33,39.2
1/22/17,24,65.8,54.2,33,39.2
1/23/17,20,68.9,25,33,39.1
1/24/17,17,70.2,11.1,33,39.1
1/25/17,15,70.2,20.5,33,39.1
1/26/17,20,70.2,,33,39.1
1/27/17,17,70.2,14.1,33,39.1
1/28/17,31,70.2,6.3,33,39
1/29/17,37,70.2,9.8,33,39
1/30/17,40,70.2,15.9,33,39
1/31/17,42,70.2,27.1,33,39
2/1/17,37,70.3,39.2,33,38.9
2/2/17,31,70.4,35.5,33,38.9
2/3/17,32,70.8,59.1,33,38.9
2/4/17,30,72.4,53.9,33,38.9
2/5/17,28,72.4,48.2,33,39
2/6/17,30,72.5,50.8,33,38.9
2/7/17,31,73.4,57.1,33,38.9
2/8/17,36,78.6,51.2,32,40.6
2/9/17,40,82.5,51.3,32,41.3
2/10/17,32,83.7,34.5,32,40.2
2/11/17,23,85.9,26.1,32,39.9
2/12/17,25,86.4,15.4,32,39.7
2/13/17,26,86.4,4,33,39.6
2/14/17,32,86.4,23.3,33,39.5
2/15/17,40,86.4,37.3,33,39.4
2/16/17,38,86.4,51.2,33,39.3
2/17/17,31,87.3,30.5,33,39.3
2/18/17,31,87.6,38.2,33,39.2
2/19/17,26,88.7,36.5,33,39.2
2/20/17,31,89,82.5,33,39.2
2/21/17,31,92.8,57,33,39.1
2/22/17,24,96.2,32.2,33,39.1
2/23/17,14,96.9,18.1,33,39.2
2/24/17,9,96.9,30.9,33,39.1
2/25/17,16,96.9,26.6,33,39.1
2/26/17,17,96.9,51.1,33,39.1
2/27/17,17,96.9,47.6,33,39.1
2/28/17,16,96.9,20.9,33,39.1
3/1/17,21,96.9,6.3,33,39.2
3/2/17,32,96.9,11.3,33,39.1
3/3/17,38,97.2,36,33,39.1
3/4/17,33,97.2,43.8,33,39.1
3/5/17,26,97.2,60,33,39.1
3/6/17,14,98.6,44.9,33,39.2
3/7/17,21,98.6,34.6,33,39.2
3/8/17,34,98.6,17.4,33,39.1
3/9/17,42,98.6,20,33,39.2
3/10/17,43,98.6,16,33,39.5
3/11/17,38,98.6,19.1,33,39.5
3/12/17,41,98.6,7,33,39.7
3/13/17,42,98.6,23.6,33,39.8
3/14/17,47,98.6,36,33,39.9
3/15/17,43,98.6,50.9,33,40.1
3/16/17,39,98.6,40.4,33,40.3
3/17/17,43,98.6,23.3,33,40.2
3/18/17,42,98.6,51.3,33,40.2
3/19/17,39,98.7,26.3,33,40.3
3/20/17,40,98.7,34.9,33,40.3
3/21/17,34,98.7,43.2,33,39.9
3/22/17,29,99.6,37.7,33,40
3/23/17,23,100.6,28.8,33,39.8
3/24/17,30,100.6,34.2,33,39.7
3/25/17,30,101.9,17.8,33,39.6
3/26/17,30,102.1,40.5,33,39.5
3/27/17,29,102.3,32.3,33,39.4
3/28/17,26,102.4,15.4,33,39.4
3/29/17,40,102.4,33.3,33,39.4
3/30/17,37,102.4,48.7,33,39.7
3/31/17,22,103.4,30.7,33,39.9
4/1/17,32,103.4,20.1,33,39.7
4/2/17,41,103.4,17,33,39.6
4/3/17,37,103.4,13.2,33,39.7
4/4/17,34,103.4,20.1,33,39.7
4/5/17,41,103.4,34.2,33,39.6
4/6/17,40,103.4,47.4,33,39.8
4/7/17,30,104.8,47.9,33,39.7
4/8/17,30,105.3,40.5,33,39.7
4/9/17,18,106.6,28.5,33,39.7
4/10/17,26,106.6,31.9,33,39.5
4/11/17,34,106.6,42.2,33,39.5
4/12/17,34,106.6,57.2,33,39.5
4/13/17,29,107.2,45.6,33,40.1
4/14/17,23,108.6,18.9,33,39.8
4/15/17,28,108.9,18.8,33,39.7
4/16/17,39,108.9,49.9,33,39.6
4/17/17,34,109.3,50.2,33,39.5
4/18/17,34,110.3,25.9,33,40.2
4/19/17,30,110.8,41.4,33,39.9
4/20/17,30,110.8,36.5,33,39.7
4/21/17,31,111,8.9,33,39.7
4/22/17,46,111,43.9,33,39.7
4/23/17,37,111,34.8,33,40
4/24/17,33,111,37.2,33,39.8
4/25/17,29,112,29.2,33,39.7
4/26/17,36,112,46.3,33,39.7
4/27/17,36,112,34.4,33,40.5
4/28/17,29,112,28.4,33,40.1
4/29/17,29,112,23.4,33,39.9
4/30/17,42,112,22.2,33,39.7
5/1/17,43,112,12.2,33,40.4
5/2/17,45,112,12.4,33,40.4
5/3/17,46,112,13.2,33,40.5
5/4/17,51,112,25.2,33,40.5
5/5/17,50,112,31.7,33,40.5
5/6/17,41,112,28.5,32,40.5
5/7/17,32,112.8,22.3,33,40.1
5/8/17,41,112.9,11.8,33,40.2
5/9/17,44,112.9,13.3,33,40.4
5/10/17,50,112.9,20,33,40.4
5/11/17,45,112.9,48,33,40.5
5/12/17,35,112.9,49.3,32,40.5
5/13/17,26,112.9,19.5,33,40.2
5/14/17,29,112.9,17.7,33,40
5/15/17,29,112.9,19.8,33,39.8
5/16/17,36,112.9,44,33,39.8
5/17/17,33,113.4,14.6,33,39.9
5/18/17,32,113.5,13.8,33,39.8
5/19/17,38,113.5,14.9,33,40.3
5/20/17,47,113.5,17.5,33,40.4
5/21/17,49,113.6,7.6,33,40.4
5/22/17,49,113.6,11.5,33,40.4
5/23/17,54,113.6,18.3,33,40.4
5/24/17,53,113.6,33.7,33,40.4
5/25/17,46,113.6,32.1,32,40.4
5/26/17,41,113.6,18.2,32,40.4
5/27/17,45,113.6,15.3,33,40.4
5/28/17,49,113.6,15.5,33,40.3
5/29/17,51,113.7,21.3,33,40.3
5/30/17,53,113.7,18.4,33,40.3
5/31/17,47,113.8,23.7,33,40.3
6/1/17,43,113.8,17.1,33,40.3
6/2/17,45,113.8,19.6,33,40.3
6/3/17,56,113.8,29.6,33,40.3
6/4/17,52,113.8,38.7,33,40.3
6/5/17,49,113.8,14.9,33,40.3
6/6/17,53,113.8,22.2,33,40.3
6/7/17,53,113.8,31.9,33,40.4
6/8/17,46,113.8,38.8,33,40.3
6/9/17,39,113.8,58.1,33,40.5
6/10/17,36,113.9,42.7,33,40.4
6/11/17,33,114.1,32.8,33,40.2
6/12/17,28,114.6,26.1,33,40.1
6/13/17,34,114.6,16.5,33,39.9
6/14/17,44,114.7,19.5,33,40.3
6/15/17,49,114.8,21,33,40.4
6/16/17,52,114.8,18.4,33,40.4
6/17/17,58,114.8,18.4,33,40.5
6/18/17,54,114.8,16.1,33,40.5
6/19/17,60,114.8,23,33,40.5
6/20/17,62,114.9,16,33,40.4
6/21/17,58,114.9,18.3,41,40.2
6/22/17,58,115.2,14.2,46,40.5
6/23/17,59,115.2,15.6,49,40.3
6/24/17,60,115.2,20.9,51,40.1
6/25/17,62,115.2,23.7,53,40
6/26/17,57,115.2,34.8,54,39.9
6/27/17,53,115.2,24.8,54,39.8
6/28/17,53,115.2,23.1,54,39.7
6/29/17,51,115.2,14.9,54,39.5
6/30/17,54,115.2,15.3,55,39.4
7/1/17,58,115.2,19.3,57,39.5
7/2/17,56,115.2,18.4,58,39.4
7/3/17,60,115.2,18.5,58,39.3
7/4/17,58,115.2,23.7,59,39.1
7/5/17,60,115.2,28.3,60,39.1
7/6/17,56,115.2,14.4,60,39
7/7/17,58,115.2,16,61,38.8
7/8/17,61,115.2,18.7,62,38.5
7/9/17,58,115.2,24.5,63,38.2
7/10/17,62,115.2,31.5,63,38.2
7/11/17,58,115.2,27.5,63,37.9
7/12/17,58,115.2,20.5,63,37.4
7/13/17,59,115.2,21.7,63,37
7/14/17,61,115.2,19.1,64,36.4
7/15/17,61,115.2,18.6,64,36
7/16/17,58,115.2,22.4,64,35.6
7/17/17,62,115.2,44.9,64,35.2
7/18/17,55,115.2,28.8,64,34.5
7/19/17,56,115.2,25.1,64,33.7
7/20/17,55,115.2,18.4,64,33.2
7/21/17,52,115.2,14.7,63,32.7
7/22/17,58,115.2,16.4,63,32.2
7/23/17,64,115.2,22.2,64,31.2
7/24/17,63,115.2,18.7,65,30.8
7/25/17,57,115.2,23,66,30.4
7/26/17,54,115.2,30.6,66,29.4
7/27/17,52,115.2,16,65,29.1
7/28/17,59,115.2,21.8,65,29
7/29/17,60,115.2,16.4,65,28.5
7/30/17,61,115.2,16,66,28.3
7/31/17,61,115.2,12.9,65,27.8
8/1/17,68,115.2,17.5,66,27.5
8/2/17,66,115.2,24.6,66,26.2
8/3/17,63,115.5,21.4,66,26.7
8/4/17,62,115.5,24,65,26.4
8/5/17,60,115.5,17.5,65,25.9
8/6/17,55,115.5,20.4,63,25
8/7/17,52,115.5,17.8,63,25.1
8/8/17,53,115.5,16.7,62,24.5
8/9/17,56,115.5,15.7,62,25.3
8/10/17,53,115.5,17.9,63,24.8
8/11/17,57,115.5,16.4,64,24.7
8/12/17,54,115.5,18.7,64,24.4
8/13/17,55,115.5,32.4,64,24.6
8/14/17,54,115.5,27.7,64,24.2
8/15/17,52,115.5,17.7,64,23.8
8/16/17,54,115.5,19.5,64,23.8
8/17/17,58,115.5,14.5,64,23.9
8/18/17,62,115.5,14.4,65,23.3
8/19/17,63,115.5,17.3,64,23.6
8/20/17,60,115.5,16.1,65,24
8/21/17,59,115.5,29,65,23.6
8/22/17,56,115.5,15.8,65,23.1
8/23/17,55,115.5,17.4,64,23.1
8/24/17,55,115.5,27,64,22.5
8/25/17,57,115.5,19.4,64,23
8/26/17,62,115.5,17.6,65,22.2
8/27/17,61,115.5,15.2,66,23
8/28/17,65,115.5,29.8,67,22.9
8/29/17,65,115.5,24.4,67,22.7
8/30/17,64,115.5,34,66,22.8
8/31/17,58,115.5,21.2,67,21.8
9/1/17,59,115.5,13.8,67,22.5
9/2/17,63,115.5,15,67,22.1
9/3/17,65,115.5,20.4,67,22
9/4/17,65,115.5,21,68,22.1
9/5/17,62,115.5,24.6,68,21.6
9/6/17,61,115.6,21.4,66,21.2
9/7/17,55,116.5,23.9,62,28.1
9/8/17,51,116.5,23.3,61,30.2
9/9/17,48,117,16.4,58,38.6
9/10/17,53,117.1,15.9,58,37.4
9/11/17,60,117.1,27.7,59,36.7
9/12/17,54,117.4,16.9,60,36
9/13/17,54,117.4,19.4,58,36.6
9/14/17,52,117.4,25.1,57,36.8
9/15/17,43,117.4,11.1,55,36.3
9/16/17,43,117.4,24.4,55,36.1
9/17/17,46,117.4,25.7,54,35.7
9/18/17,48,117.4,50.5,54,35.4
9/19/17,41,117.4,42.4,52,34.5
9/20/17,41,117.4,43.4,52,34.3
9/21/17,34,117.7,30.7,50,33.8
9/22/17,29,118.2,17.9,46,33.7
9/23/17,31,118.2,17,44,36.7
9/24/17,35,118.2,14.3,44,37.9
9/25/17,39,118.3,17.2,45,37.5
9/26/17,42,118.3,21.6,46,37
9/27/17,44,118.3,12,47,36.9
9/28/17,45,118.3,18.3,48,36.7
9/29/17,49,118.3,26.8,49,36.5
9/30/17,46,118.3,19.4,49,36
10/1/17,45,0,20.7,50,35.8
10/2/17,32,0,20.6,50,35.7
10/3/17,33,0,15.2,49,35.3
10/4/17,31,0,12.2,47,35.1
10/5/17,37,0,11.1,47,34.9
10/6/17,40,0,11.2,48,34.7
10/7/17,54,0,23.4,48,34.7
10/8/17,50,0,33.3,50,34.3
10/9/17,33,0,30.4,50,34.3
10/10/17,43,0,32.6,49,33.6
10/11/17,42,0,48.6,49,33.6
10/12/17,30,0,19.7,48,33.3
10/13/17,40,0.1,22.4,47,32.7
10/14/17,36,0.1,13.3,47,33.1
10/15/17,49,0.1,16.6,46,32.6
10/16/17,51,0.1,14.9,47,32.1
10/17/17,53,0.1,22,48,32.1
10/18/17,51,0.1,20.7,48,32.1
10/19/17,47,0.2,44.5,49,31.7
10/20/17,37,0.5,48.9,48,31.5
10/21/17,26,1.3,14.1,44,30.7
10/22/17,43,1.4,17.2,42,30.4
10/23/17,47,1.5,11.3,43,33.5
10/24/17,46,1.5,10.8,45,35.3
10/25/17,54,1.5,9.7,47,35.6
10/26/17,52,1.5,5.8,47,35.6
10/27/17,50,1.5,7.6,48,35.4
10/28/17,51,1.5,7.7,48,35.2
10/29/17,54,1.5,16,48,35.2
10/30/17,53,1.5,27.2,49,35
10/31/17,40,1.5,11.1,47,35
11/1/17,47,1.5,20.3,46,34.6
11/2/17,42,1.5,35.2,46,34.3
11/3/17,34,1.5,39.8,45,33.9
11/4/17,33,2.3,46.6,43,33.7
11/5/17,31,3.7,40.5,41,33.4
11/6/17,28,3.8,37.6,40,33.3
11/7/17,33,3.9,23.2,39,33.3
11/8/17,39,4,43.5,39,33.3
11/9/17,36,4.1,50.3,38,33.2
11/10/17,33,5.8,38.7,37,33.7
11/11/17,31,6.1,25.5,37,36.2
11/12/17,38,6.1,32,37,36.8
11/13/17,33,6.1,44.2,36,36.9
11/14/17,35,7.2,41.1,36,37
11/15/17,36,7.3,46.9,36,37.1
11/16/17,34,10.3,52.1,36,37.6
11/17/17,32,14.1,50.7,35,38.8
11/18/17,28,14.4,18.3,35,38.6
11/19/17,40,14.5,30.1,35,38.5
11/20/17,38,14.5,33.7,35,38.4
11/21/17,44,15.3,20.3,35,39.4
11/22/17,49,15.3,31.9,35,39.5
11/23/17,50,15.3,35.6,35,39.7
11/24/17,42,15.3,33.7,35,39.8
11/25/17,47,15.3,37.9,35,39.7
11/26/17,48,15.3,44.6,35,39.5
11/27/17,30,16.2,31.2,34,39.9
11/28/17,28,16.8,19.7,34,39.4
11/29/17,33,16.8,19.8,35,39.1
11/30/17,41,16.8,23.9,35,38.9
12/1/17,39,16.9,25.1,35,38.9
12/2/17,36,16.9,34.4,35,38.7
12/3/17,29,16.9,50.1,35,38.5
12/4/17,17,17,23.9,35,38.4
12/5/17,21,17,20.4,35,38.2
12/6/17,28,17,17,35,38
12/7/17,33,17.1,15.3,34,37.9
12/8/17,35,17.1,7,34,37.9
12/9/17,39,17.1,6.3,34,37.7
12/10/17,39,17.1,8,34,37.5
12/11/17,39,17.1,5.9,34,37.5
12/12/17,41,17.2,5,34,37.5
12/13/17,44,17.2,12.6,34,37.3
12/14/17,38,17.2,15.6,34,37.3
12/15/17,50,17.2,32.6,34,37.4
12/16/17,35,17.2,32.5,34,37.3
12/17/17,18,17.2,21,34,37.4
12/18/17,36,17.2,14.9,34,37.3
12/19/17,43,17.2,46.1,34,37.4
12/20/17,29,17.2,36.8,34,37.3
12/21/17,14,17.6,22,34,37.2
12/22/17,34,17.7,23.4,34,37.2
12/23/17,36,17.9,28.9,34,37.1
12/24/17,41,17.9,44.1,34,37.1
12/25/17,36,17.9,24.3,34,37
12/26/17,40,17.9,19.8,34,37
12/27/17,42,17.9,24.3,34,36.9
12/28/17,45,17.9,18.1,34,36.9
12/29/17,46,17.9,30.4,34,36.9
12/30/17,44,17.9,32.4,34,36.9
12/31/17,43,17.9,20.1,34,36.8
1/1/18,42,17.9,12.9,34,36.7
1/2/18,39,17.9,11.7,34,36.8
1/3/18,44,18.1,24.8,34,36.7
1/4/18,39,18.1,31.9,34,36.7
1/5/18,37,18.1,36.5,34,36.8
1/6/18,35,18.9,47.4,34,37.9
1/7/18,30,20.1,26.7,34,39.5
1/8/18,39,20.2,26.7,34,39.3
1/9/18,36,21.4,35.9,33,39.9
1/10/18,33,22,22.4,33,40.1
1/11/18,35,22.1,39,33,39.7
1/12/18,36,22.3,33.1,33,39.5
1/13/18,40,22.3,13,33,39.3
1/14/18,39,22.3,25.3,34,39.1
1/15/18,45,22.3,22.6,34,39
1/16/18,39,22.3,42.1,34,38.9
1/17/18,38,22.3,29.8,34,38.9
1/18/18,42,22.4,55.9,34,38.9
1/19/18,28,22.9,33.3,33,39.9
1/20/18,19,23.1,8.3,33,39.7
1/21/18,18,23.1,31.1,33,39.4
1/22/18,22,23.1,34.7,33,39.3
1/23/18,32,23.1,23.2,33,39.2
1/24/18,33,23.4,41.8,33,39
1/25/18,26,24,39.4,33,38.9
1/26/18,21,25,29,33,38.7
1/27/18,24,25,26.7,33,38.5
1/28/18,34,25,7.9,33,38.4
1/29/18,48,25,15.5,33,38.3
1/30/18,45,25,24.6,33,38.2
1/31/18,40,25,20.3,33,38.1
2/1/18,43,25,20.2,33,38
2/2/18,40,25,12.5,33,38
2/3/18,41,25,13.9,33,38
2/4/18,39,25,9.1,33,38
2/5/18,42,25,17.9,33,38
2/6/18,37,25,13.4,33,38.2
2/7/18,35,25,5.6,33,38.4
2/8/18,39,25,7.6,33,38.6
2/9/18,42,25,26.1,33,39
2/10/18,40,25,25,33,39.4
2/11/18,28,25,49.8,33,39.3
2/12/18,20,25,21.7,33,39.3
2/13/18,18,25.4,18.8,33,39.1
2/14/18,27,25.4,47.5,33,38.8
2/15/18,22,25.4,16.6,33,38.6
2/16/18,35,25.4,17.8,33,38.4
2/17/18,35,25.5,35.8,33,38.2
2/18/18,33,25.5,49.1,33,38.1
2/19/18,11,25.6,24.2,33,38.2
2/20/18,6,25.6,20,33,38.2
2/21/18,13,25.6,23.4,33,38
2/22/18,16,25.6,36.2,33,37.8
2/23/18,9,25.9,12.8,33,37.7
2/24/18,22,25.9,42.1,33,37.6
2/25/18,16,25.9,38.9,33,37.4
2/26/18,20,25.9,39.3,33,37.3
2/27/18,13,26.7,19,33,37.2
2/28/18,18,26.7,36.8,33,37
3/1/18,23,26.9,54,33,37
3/2/18,22,28.9,53.9,33,37
3/3/18,17,30.1,31.2,33,36.7
3/4/18,17,31,20.1,33,36.5
3/5/18,16,31.3,7.3,33,36.7
3/6/18,29,31.3,8.2,33,36.5
3/7/18,35,31.3,37.1,33,36.5
3/8/18,34,31.3,37.1,33,36.4
3/9/18,32,31.5,27.8,33,36.5
3/10/18,35,31.5,22,33,36.4
3/11/18,31,31.7,11,33,36.3
3/12/18,36,31.7,27.3,33,37.4
3/13/18,38,31.7,36.2,33,40.6
3/14/18,26,32.6,27.6,33,40.2
3/15/18,20,34,43.8,33,39.5
3/16/18,24,35.7,44.3,33,39.2
3/17/18,18,37.9,48.3,33,39
3/18/18,16,37.9,10.2,33,38.8
3/19/18,26,38,20.1,33,38.7
3/20/18,32,38,25.3,33,38.6
3/21/18,34,39.2,45.6,33,40.6
3/22/18,33,40.2,46.9,32,40.8
3/23/18,20,42.8,44,32,40.3
3/24/18,21,42.8,52.4,32,39.9
3/25/18,18,43.3,38.9,32,39.7
3/26/18,18,43.7,19.9,32,39.4
3/27/18,25,43.8,17.3,33,39.2
3/28/18,36,43.9,10.3,33,40
3/29/18,37,43.9,11.9,32,40.5
3/30/18,40,43.9,14.4,32,40.4
3/31/18,45,43.9,29,32,40.5
4/1/18,40,43.9,25.6,32,40.4
4/2/18,38,43.9,27.1,32,40.5
4/3/18,35,43.9,21.8,32,40.5
4/4/18,39,43.9,23.4,32,40.4
4/5/18,36,43.9,35.6,32,40.5
4/6/18,35,44.1,42.6,32,40.4
4/7/18,42,45.7,43.5,33,41.7
4/8/18,27,47.4,40.9,32,40.5
4/9/18,36,47.5,21.6,32,40.4
4/10/18,46,47.5,49.4,33,40.7
4/11/18,36,47.6,42.5,32,40.5
4/12/18,22,47.8,32.8,32,40
4/13/18,18,47.9,11.1,32,39.8
4/14/18,40,47.9,28.5,32,40.2
4/15/18,36,47.9,,33,40.6
4/16/18,22,48.4,,32,40.1
4/17/18,19,48.9,,33,39.8
4/18/18,30,48.9,,33,40
4/19/18,24,48.9,,33,39.7
4/20/18,31,48.9,,33,39.5
4/21/18,43,48.9,,32,40.6
4/22/18,46,49,,33,40.7
4/23/18,41,49,,34,40.7
4/24/18,43,49,,34,40.6
4/25/18,46,49,,34,40.5
4/26/18,50,49,,35,40.5
4/27/18,45,49,,35,40.5
4/28/18,29,49,,34,40.4
4/29/18,28,49,,34,40.1
4/30/18,28,49,,34,40
5/1/18,31,49.2,,33,39.8
5/2/18,33,49.2,,33,40.4
5/3/18,38,49.3,,33,40.5
5/4/18,44,49.5,,33,40.6
5/5/18,47,49.5,,33,40.6
5/6/18,47,49.5,,33,40.6
5/7/18,47,49.5,,33,40.5
5/8/18,49,49.5,,33,40.5
5/9/18,47,49.5,,32,40.6
5/10/18,44,49.5,,32,40.4
5/11/18,44,49.5,,33,40.4
5/12/18,32,49.5,,33,40.3
5/13/18,40,49.5,,33,40.3
5/14/18,39,49.6,,33,40.4
5/15/18,42,49.6,,36,40.2
5/16/18,40,49.8,,39,40.3
5/17/18,36,50.1,,37,40.4
5/18/18,40,50.2,,39,40.3
5/19/18,42,50.2,,41,40
5/20/18,43,50.2,,43,39.8
5/21/18,41,50.2,,44,39.7
5/22/18,42,50.2,,44,39.5
5/23/18,45,50.2,,45,39.4
5/24/18,44,50.4,,46,39.8
5/25/18,44,50.5,,46,40.4
5/26/18,33,51.1,,44,40.3
5/27/18,38,51.1,,43,40
5/28/18,47,51.1,,46,39.9
5/29/18,50,51.1,,48,39.7
5/30/18,52,51.1,,50,39.5
5/31/18,40,51.1,,50,39.3
6/1/18,39,51.1,,48,39.1
6/2/18,46,51.1,,49,39
6/3/18,54,51.1,,52,39
6/4/18,54,51.1,,54,38.9
6/5/18,49,51.1,,54,38.8
6/6/18,51,51.1,,54,38.7
6/7/18,46,51.1,,55,38.5
6/8/18,46,51.1,,55,38.3
6/9/18,44,51.1,,55,38.2
6/10/18,34,51.1,,54,38.1
6/11/18,48,51.1,,54,37.8
6/12/18,53,51.1,,56,37.7
6/13/18,56,51.1,,57,37.5
6/14/18,55,51.1,,58,37.3
6/15/18,53,51.1,,58,36.9
6/16/18,49,51.1,,58,36.7
6/17/18,43,51.1,,58,36.2
6/18/18,41,51.1,,56,36.1
6/19/18,46,51.2,,54,35.5
6/20/18,53,51.2,,55,35.5
6/21/18,55,51.2,,57,35.5
6/22/18,54,51.2,,58,34.9
6/23/18,57,51.2,,58,34.5
6/24/18,57,51.2,,60,34.2
6/25/18,59,51.2,,60,33.5
6/26/18,58,51.2,,61,33.3
6/27/18,60,51.2,,62,32.3
6/28/18,53,51.2,,62,32
6/29/18,51,51.2,,61,30.9
6/30/18,52,51.2,,61,30.5
7/1/18,56,51.2,,62,30.5
7/2/18,61,51.2,,62,29.7
7/3/18,56,51.2,,63,28.9
7/4/18,55,51.2,,63,28.4
7/5/18,54,51.2,,63,27.9
7/6/18,56,51.2,,63,28.1
7/7/18,59,51.2,,63,27.6
7/8/18,62,51.2,,64,27
7/9/18,61,51.2,,64,26.6
7/10/18,59,51.2,,65,26.5
7/11/18,58,51.2,,65,26.3
7/12/18,63,51.2,,65,25.5
7/13/18,60,51.2,,66,25
7/14/18,60,51.2,,66,25.3
7/15/18,64,51.2,,67,24.6
7/16/18,57,51.2,,68,25.1
7/17/18,60,51.2,,68,24.8
7/18/18,62,51.2,,68,24.1
7/19/18,64,51.2,,68,23.8
7/20/18,64,51.2,,68,24.1
7/21/18,62,51.2,,68,23.6
7/22/18,59,51.2,,69,23.4
7/23/18,58,51.2,,69,23.4
7/24/18,62,51.2,,68,23.2
7/25/18,63,51.2,,68,22.8
7/26/18,64,51.2,,68,23.4
7/27/18,67,51.2,,69,22.9
7/28/18,63,51.2,,69,22.6
7/29/18,61,51.2,,69,23.2
7/30/18,63,51.2,,69,21.9
7/31/18,65,51.2,,69,22
8/1/18,64,51.2,,69,22.7
8/2/18,62,51.2,,69,21.5
8/3/18,59,51.2,,69,21.6
8/4/18,59,51.2,,68,22.2
8/5/18,53,51.2,,67,21.8
8/6/18,54,51.2,,67,21.9
8/7/18,58,51.2,,67,21.5
8/8/18,63,51.2,,67,20.7
8/9/18,65,51.2,,68,21.6
8/10/18,64,51.2,,69,21.6
8/11/18,64,51.2,,69,21.7
8/12/18,63,51.2,,69,21.7
8/13/18,62,51.2,,70,21.5
8/14/18,60,51.2,,70,21.3
8/15/18,64,51.2,,70,20.4
8/16/18,58,51.2,,70,20.4
8/17/18,59,51.2,,70,21.4
8/18/18,59,51.2,,70,20.7
8/19/18,61,51.2,,70,20.3
8/20/18,59,51.2,,70,20.5
8/21/18,57,51.2,,69,20.9
8/22/18,53,51.2,,69,20.9
8/23/18,55,51.2,,68,20
8/24/18,53,51.2,,68,19.8
8/25/18,53,51.2,,67,20
8/26/18,52,51.2,,67,20.4
8/27/18,51,51.2,,66,19.4
8/28/18,52,51.2,,66,19.5
8/29/18,54,51.2,,66,19.3
8/30/18,51,51.2,,67,18.8
8/31/18,48,51.2,,66,18.7
9/1/18,52,51.2,,65,19.8
9/2/18,55,51.2,,65,19.5
9/3/18,59,51.2,,66,20
9/4/18,57,51.2,,65,19.1
9/5/18,58,51.2,,65,18.6
9/6/18,58,51.2,,65,20
9/7/18,58,51.2,,65,19.1
9/8/18,58,51.2,,65,19
9/9/18,56,51.2,,65,18.2
9/10/18,58,51.2,,65,19.3
9/11/18,54,51.2,,64,18.9
9/12/18,48,51.2,,64,18.4
9/13/18,41,51.2,,61,17.8
9/14/18,43,51.2,,60,18
9/15/18,47,51.2,,60,17.8
9/16/18,45,51.2,,59,18.1
9/17/18,49,51.2,,59,17.2
9/18/18,48,51.2,,59,17.7
9/19/18,47,51.2,,59,18
9/20/18,46,51.2,,59,17.9
9/21/18,52,51.2,,59,17.9
9/22/18,53,51.2,,60,17.6
9/23/18,50,51.2,,60,17.4
9/24/18,51,51.2,,59,17.4
9/25/18,48,51.2,,60,17.7
9/26/18,50,51.2,,59,17.5
9/27/18,56,51.2,,60,17.8
9/28/18,58,51.2,,60,17.8
9/29/18,54,51.2,,60,18.2
9/30/18,40,51.2,,60,17
10/1/18,47,0,,58,17.6
10/2/18,51,0,,59,16.8
10/3/18,46,0,,58,17
10/4/18,41,0.4,,56,17
10/5/18,37,1,,52,16.2
10/6/18,38,1.1,,51,16.1
10/7/18,34,1.1,,50,16.4
10/8/18,35,1.1,,49,16.2
10/9/18,41,1.1,,49,16.6
10/10/18,36,1.1,,49,16.5
10/11/18,37,1.6,19,47,16.7
10/12/18,37,1.7,19.8,47,16.7
10/13/18,38,1.7,17.6,47,16.2
10/14/18,40,1.7,32,48,17.5
10/15/18,31,1.7,18,46,16.9
10/16/18,38,1.7,17.2,45,17
10/17/18,41,1.7,12.1,46,17.2
10/18/18,42,1.7,12.3,46,17.9
10/19/18,46,1.7,23.4,47,18.1
10/20/18,47,1.8,18.9,47,17.9
10/21/18,44,1.8,14.9,47,18.1
10/22/18,42,1.8,17.9,48,18.5
10/23/18,43,1.8,26.1,47,18.6
10/24/18,45,1.8,22.4,46,18.6
10/25/18,46,1.8,15.7,46,18.5
10/26/18,46,1.8,14.8,47,19.3
10/27/18,50,1.8,30.2,48,19.7
10/28/18,46,1.8,40.4,49,19.2
10/29/18,40,1.8,40,48,19.5
10/30/18,30,1.8,12.2,48,20.1
10/31/18,33,1.8,16.1,46,19
11/1/18,41,1.8,13.2,45,19.5
11/2/18,51,1.8,19.6,46,19.6
11/3/18,46,1.8,16.7,47,19.3
11/4/18,48,1.8,29,46,19
11/5/18,44,1.8,23.9,47,19
11/6/18,41,1.8,15,47,19.7
11/7/18,44,1.8,25.6,46,19.1
11/8/18,30,1.8,23.5,45,19
11/9/18,29,1.8,14.8,43,19
11/10/18,43,1.8,15.7,42,18.7
11/11/18,29,1.8,21.9,42,18.5
11/12/18,31,1.8,13.3,41,18.4
11/13/18,38,1.8,4.8,40,17.8
11/14/18,44,1.8,10.1,40,18.6
11/15/18,42,1.8,9.3,41,18.2
11/16/18,43,1.8,13.4,41,18.4
11/17/18,43,1.8,13.3,42,18.8
11/18/18,36,1.8,10,42,18.4
11/19/18,42,1.8,7.2,41,18.4
11/20/18,40,1.8,21.6,40,18
11/21/18,38,1.8,37.6,40,18.1
11/22/18,29,2.1,51.2,39,18.4
11/23/18,30,3.8,50.1,39,18.2
11/24/18,37,6.3,40.5,38,18.1
11/25/18,33,6.5,15.2,37,17.7
11/26/18,34,6.5,21.5,37,17.6
11/27/18,41,6.6,41.8,36,17.8
11/28/18,35,7,34.7,36,18.1
11/29/18,32,7.9,36.8,36,18.8
11/30/18,27,9.3,24.8,36,19.7
12/1/18,23,9.3,48.3,36,20.6
12/2/18,20,9.9,13.7,36,21.6
12/3/18,17,10,17.7,36,22.7
12/4/18,28,10.2,19.1,36,23.7
12/5/18,27,10.3,11.7,35,24.7
12/6/18,28,10.6,6.3,35,26.1
12/7/18,26,10.6,19.9,35,27.5
12/8/18,33,10.6,20.7,35,28.6
12/9/18,39,10.7,24.5,35,29.2
12/10/18,35,10.7,22.5,35,29.7
12/11/18,28,10.7,32.8,35,30.4
12/12/18,34,10.7,30.2,35,30.6
12/13/18,37,10.7,25.1,35,30.9
12/14/18,42,10.8,45.1,35,31.1
12/15/18,32,10.8,33.7,35,31.3
12/16/18,37,10.8,44.9,35,31.7
12/17/18,31,11,35.3,35,31.8
12/18/18,30,11.4,40.5,35,31.8
12/19/18,34,11.4,25.1,35,32.1
12/20/18,43,11.4,34.8,35,32.1
12/21/18,31,11.4,38.2,35,32.3
12/22/18,30,11.9,26.7,35,32.5
12/23/18,35,12,27.6,35,32.5
12/24/18,33,12.1,42.2,34,32.6
12/25/18,22,13.3,24,34,32.9
12/26/18,22,13.3,25.7,34,32.8
12/27/18,26,13.3,30.7,34,32.8
12/28/18,14,13.3,27.8,34,33
12/29/18,21,13.3,23.6,34,32.9
12/30/18,40,13.3,32.4,34,33.1
12/31/18,20,13.3,31.6,34,33.1
1/1/19,11,13.3,23.7,34,33.2
1/2/19,25,13.3,15.4,34,33.3
1/3/19,38,13.3,14.1,34,33.2
1/4/19,38,13.3,31.3,34,33.3
1/5/19,35,13.3,45.7,34,33.4
1/6/19,24,13.8,51.3,34,33.3
1/7/19,31,15.9,57.2,34,33.3
1/8/19,38,17.1,40.9,34,33.3
1/9/19,33,17.1,44.2,34,33.4
1/10/19,30,18.1,25.3,34,33.4
1/11/19,38,18.1,26.1,34,33.5
1/12/19,30,18.1,12.4,34,33.4
1/13/19,28,18.1,13.2,34,33.6
1/14/19,25,18.1,17.5,34,33.6
1/15/19,26,18.2,54.7,34,33.2
1/16/19,30,20,50.3,34,33.5
1/17/19,32,22.2,69.1,34,33.5
1/18/19,27,23.2,39.3,34,33.5
1/19/19,36,25.2,36.3,34,33.6
1/20/19,35,25.4,56.9,34,33.6
1/21/19,21,26.9,32.1,34,33.6
1/22/19,17,26.9,17.3,34,33.8
1/23/19,35,26.9,22.7,34,33.6
1/24/19,30,26.9,10.1,34,33.8
1/25/19,34,26.9,23.4,34,33.8
1/26/19,35,26.9,14.9,34,33.9
1/27/19,45,26.9,21.1,34,33.9
1/28/19,40,27,21.8,34,33.8
1/29/19,44,27,13.4,34,34
1/30/19,34,27,10.3,34,34
1/31/19,35,27,13.8,34,34.1
2/1/19,33,27,36.1,34,34.2
2/2/19,34,27,37.3,34,34.2
2/3/19,25,28.5,50.5,34,34.4
2/4/19,22,31.5,63.2,34,34.5
2/5/19,14,33.8,35.6,34,34.3
2/6/19,12,34.2,18.3,34,34.6
2/7/19,16,34.2,20,34,34.7
2/8/19,20,34.2,23,34,34.7
2/9/19,22,34.3,59.2,34,34.9
2/10/19,19,36.6,37.9,34,34.9
2/11/19,11,36.6,24.8,34,34.9
2/12/19,24,36.6,46.9,34,35.1
2/13/19,28,36.7,43.9,34,35.2
2/14/19,36,38.1,57.7,33,35.7
2/15/19,22,41.3,52.2,33,38.9
2/16/19,17,41.9,40.5,33,38.4
2/17/19,16,42.7,27.4,33,38.2
2/18/19,13,43.1,14.4,33,38.1
2/19/19,11,43.1,25.5,33,37.9
2/20/19,20,43.1,36.2,33,37.9
2/21/19,14,43.2,23.3,33,37.9
2/22/19,11,43.2,13.7,33,37.8
2/23/19,22,43.2,26.7,33,37.8
2/24/19,25,43.2,51.2,33,37.8
2/25/19,27,43.7,52.7,33,37.7
2/26/19,28,45.1,43.8,33,37.9
2/27/19,29,47,48.5,33,37.8
2/28/19,32,48.8,40.6,33,37.8
3/1/19,28,49.4,45,33,37.9
3/2/19,31,49.9,30.8,33,37.8
3/3/19,33,50.8,28.4,33,37.9
3/4/19,29,51.2,27.7,33,37.8
3/5/19,32,51.2,29.9,33,37.8
3/6/19,32,51.4,49.2,33,37.8
3/7/19,28,52.9,41.8,33,37.9
3/8/19,24,53.5,31.4,33,38
3/9/19,17,53.6,29.5,33,37.9
3/10/19,21,53.6,19.8,33,37.9
3/11/19,22,53.6,18.6,33,37.9
3/12/19,25,53.6,34.5,33,37.9
3/13/19,16,53.7,21.5,33,38
3/14/19,20,53.7,22,33,38
3/15/19,24,53.7,5.7,33,38
3/16/19,28,53.7,6.7,33,37.9
3/17/19,34,53.7,14.1,33,38
3/18/19,37,53.7,17.3,33,37.9
3/19/19,36,53.7,17,33,38
3/20/19,35,53.8,29.7,33,38
3/21/19,29,53.8,17.7,33,38
3/22/19,26,53.8,28.1,33,38
3/23/19,31,54,26.9,33,38
3/24/19,23,54.5,26.1,33,38
3/25/19,35,54.6,39.8,33,38
3/26/19,33,54.6,40.8,33,38
3/27/19,34,54.8,44.6,33,38
3/28/19,22,56.1,34.5,33,38
3/29/19,26,56.5,25.5,33,38.1
3/30/19,24,56.6,14.1,33,38
3/31/19,30,56.6,15.1,33,38
4/1/19,38,56.7,24.9,33,38
4/2/19,34,57,31.4,33,38.1
4/3/19,31,58.1,24.3,33,38.1
4/4/19,35,58.1,29.9,33,38.1
4/5/19,29,58.3,31.5,33,38.2
4/6/19,30,58.8,49.8,33,38.1
4/7/19,35,58.9,45.8,33,38.2
4/8/19,40,59,49,33,38.2
4/9/19,34,59.9,37.1,33,39
4/10/19,24,60.1,21.4,33,39.1
4/11/19,28,60.1,19,33,38.8
4/12/19,26,60.1,15.4,33,38.7
4/13/19,32,60.2,23,33,38.6
4/14/19,38,60.2,46.6,33,38.6
4/15/19,35,60.2,44,33,38.4
4/16/19,29,60.4,31.4,33,38.4
4/17/19,33,60.8,11.5,33,38.4
4/18/19,42,60.8,13.7,33,38.4
4/19/19,48,60.8,23,33,38.6
4/20/19,44,60.8,43.6,33,39.5
4/21/19,32,60.8,18.1,33,39.2
4/22/19,35,60.8,20.8,33,39
4/23/19,43,60.8,18.2,33,39
4/24/19,49,60.8,12.5,33,39.3
4/25/19,47,60.8,25,33,40
4/26/19,48,60.8,24,33,40.2
4/27/19,46,60.8,28,33,40.2
4/28/19,44,60.8,19,33,40.1
4/29/19,45,60.8,20.1,33,39.8
4/30/19,37,60.8,46.5,33,39.9
5/1/19,28,60.8,17,33,39.5
5/2/19,35,60.8,16.4,33,39.2
5/3/19,38,60.9,14.4,33,39.2
5/4/19,42,60.9,15.7,33,39.5
5/5/19,42,60.9,20.5,33,39.6
5/6/19,45,61,25.3,33,39.8
5/7/19,43,61.1,18.8,33,39.6
5/8/19,44,61.1,13.8,33,39.9
5/9/19,43,61.1,26.5,33,39.7
5/10/19,38,61.1,29.2,33,39.6
5/11/19,45,61.1,15.5,33,39.5
5/12/19,48,61.2,19.5,33,39.7
5/13/19,48,61.2,,33,40