Date,Air Temperature Observed (degF) Start of Day Values,Precipitation Increment (in),Change In Precipitation Increment (in),Wind Speed Maximum (mph),Soil Moisture Percent -8in (pct) Start of Day Values
1/1/10,29,0.3,0.3,31.6,38.9
1/2/10,32,0,-0.3,14.7,38.8
1/3/10,35,0,0,15.3,38.9
1/4/10,41,0,0,17.7,38.8
1/5/10,36,0,0,14.6,38.9
1/6/10,37,0,0,5.9,38.9
1/7/10,35,0,0,4.9,38.9
1/8/10,34,0.2,0.2,23.7,38.9
1/9/10,37,0.1,-0.1,21.4,38.9
1/10/10,36,0,-0.1,18.6,39
1/11/10,40,0,0,44.4,39
1/12/10,40,0.9,0.9,43.2,39
1/13/10,34,0.6,-0.3,44.7,39.1
1/14/10,26,0,-0.6,9.2,39.1
1/15/10,37,0.1,0.1,23.9,39.2
1/16/10,36,0,-0.1,26.6,39.2
1/17/10,30,0.5,0.5,34.3,39.3
1/18/10,29,1.2,0.7,47.7,39.3
1/19/10,23,1,-0.2,50.6,39.3
1/20/10,23,0.9,-0.1,50.9,39.3
1/21/10,22,0.3,-0.6,30.7,39.3
1/22/10,23,0.9,0.6,26,39.3
1/23/10,18,0.3,-0.6,18.9,39.3
1/24/10,20,0.3,0,27.8,39.3
1/25/10,29,1.2,0.9,33.8,39.3
1/26/10,28,1.4,0.2,28.7,39.3
1/27/10,31,0,-1.4,16.9,39.3
1/28/10,23,0,0,7.6,39.3
1/29/10,36,0,0,24.1,39.3
1/30/10,27,0,0,25.1,39.3
1/31/10,24,0,0,18.9,39.3
2/1/10,30,0,0,21.3,39.3
2/2/10,31,0.2,0.2,19,39.3
2/3/10,28,0.2,0,31.4,39.3
2/4/10,28,0.2,0,44.8,39.3
2/5/10,31,0.6,0.4,40.1,39.3
2/6/10,29,0.4,-0.2,30.7,39.3
2/7/10,26,0,-0.4,13.9,39.3
2/8/10,26,0,0,17.2,39.3
2/9/10,25,0.2,0.2,21,39.3
2/10/10,23,0,-0.2,19.6,39.3
2/11/10,27,0.1,0.1,25.4,39.3
2/12/10,29,0,-0.1,32.3,39.3
2/13/10,32,0,0,21.5,39.3
2/14/10,40,0.1,0.1,16.1,39.3
2/15/10,36,0,-0.1,11,39.3
2/16/10,36,0,0,6.8,39.3
2/17/10,33,0,0,16.8,39.3
2/18/10,36,0,0,21.8,39.3
2/19/10,32,0,0,22.4,39.3
2/20/10,28,0.2,0.2,28.5,39.3
2/21/10,25,0,-0.2,30,39.3
2/22/10,17,0.3,0.3,17,39.3
2/23/10,30,0.9,0.6,32.2,39.3
2/24/10,31,1.2,0.3,29.2,39.3
2/25/10,25,0,-1.2,22.9,39.4
2/26/10,33,0.5,0.5,52.4,39.4
2/27/10,30,0.4,-0.1,24.7,39.4
2/28/10,28,0,-0.4,7.8,39.4
3/1/10,29,0,0,29.2,39.3
3/2/10,31,0.4,0.4,34.3,39.3
3/3/10,26,0.8,0.4,37,39.3
3/4/10,15,0,-0.8,22.2,39.3
3/5/10,23,0,0,11.1,39.3
3/6/10,29,0,0,19,39.3
3/7/10,28,0,0,17.1,39.3
3/8/10,29,0.2,0.2,31.4,39.3
3/9/10,13,0,-0.2,27.7,39.4
3/10/10,16,0.2,0.2,30.9,39.3
3/11/10,19,0,-0.2,27.7,39.4
3/12/10,29,1.6,1.6,41.1,39.4
3/13/10,20,0,-1.6,30.6,39.4
3/14/10,20,0,0,16.3,39.3
3/15/10,34,0,0,21.9,39.3
3/16/10,42,0,0,18.9,39.3
3/17/10,42,0,0,10.3,39.3
3/18/10,40,0,0,23,39.3
3/19/10,33,0,0,13.9,39.4
3/20/10,38,0,0,25.5,39.3
3/21/10,38,0,0,32.2,39.3
3/22/10,35,0,0,29.7,39.3
3/23/10,28,0,0,18.3,39.3
3/24/10,41,0,0,34.1,39.4
3/25/10,27,0.9,0.9,38.3,39.4
3/26/10,22,0,-0.9,19,39.4
3/27/10,26,0,0,25.3,39.5
3/28/10,36,0,0,36.2,39.4
3/29/10,35,1.6,1.6,43.4,39.5
3/30/10,32,2.8,1.2,49.8,39.6
3/31/10,18,0.7,-2.1,24.1,39.6
4/1/10,17,0,-0.7,24.6,39.7
4/2/10,22,1.3,1.3,46.1,39.7
4/3/10,24,0,-1.3,29.7,39.7
4/4/10,21,0,0,39,39.7
4/5/10,21,0.2,0.2,29.3,39.7
4/6/10,20,0,-0.2,25.6,39.7
4/7/10,30,0,0,18.7,39.6
4/8/10,37,0,0,23.8,39.6
4/9/10,30,0,0,12.5,39.6
4/10/10,32,0,0,38.3,39.6
4/11/10,31,0.2,0.2,40.8,39.6
4/12/10,23,0.6,0.4,35.8,39.6
4/13/10,24,0,-0.6,17.6,39.6
4/14/10,30,0,0,37.4,39.6
4/15/10,29,0,0,25.5,39.7
4/16/10,40,0,0,21.3,39.7
4/17/10,36,0,0,14.8,39.9
4/18/10,42,0,0,19.5,40.1
4/19/10,42,0,0,38.9,40.2
4/20/10,38,0.4,0.4,38.2,40.3
4/21/10,20,0.4,0,20.4,40.3
4/22/10,28,0.3,-0.1,21.7,40.2
4/23/10,32,0,-0.3,14.4,40.1
4/24/10,41,0,0,20.7,40
4/25/10,37,0,0,8.9,40.1
4/26/10,42,0,0,46.2,40.3
4/27/10,37,1.6,1.6,56.2,40.3
4/28/10,21,1.9,0.3,33.3,40.3
4/29/10,17,0,-1.9,15.8,40.2
4/30/10,23,0,0,17.2,40.1
5/1/10,27,0,0,21.4,40
5/2/10,33,0,0,22.3,40
5/3/10,41,0,0,36.1,39.9
5/4/10,39,0,0,24.4,40.3
5/5/10,37,0,0,28,40.4
5/6/10,24,0,0,10.1,40.4
5/7/10,29,0,0,23.3,40.4
5/8/10,35,0,0,24.9,40.4
5/9/10,33,0,0,27.4,40.4
5/10/10,27,1.1,1.1,31.2,40.3
5/11/10,20,0.2,-0.9,20.5,40.2
5/12/10,32,0,-0.2,12.4,40.1
5/13/10,36,0,0,14.1,40.1
5/14/10,38,0,0,18.5,40.1
5/15/10,41,0,0,16.7,40.3
5/16/10,46,0.1,0.1,25,40.5
5/17/10,44,0.3,0.2,27.5,40.6
5/18/10,31,0,-0.3,22.7,40.5
5/19/10,36,0,0,33.8,40.4
5/20/10,35,0,0,32.6,40.6
5/21/10,35,1,1,33.2,40.6
5/22/10,19,0.2,-0.8,19.2,40.4
5/23/10,21,0,-0.2,20.4,40.2
5/24/10,28,0.1,0.1,26.7,40.1
5/25/10,32,0.2,0.1,30.1,40.1
5/26/10,31,0.8,0.6,33.1,40
5/27/10,29,0.7,-0.1,29.6,40
5/28/10,24,0.1,-0.6,22.1,40
5/29/10,31,0,-0.1,11.2,40
5/30/10,40,0.1,0.1,19.4,40
5/31/10,45,0.1,0,26.1,40.6
6/1/10,41,0,-0.1,22.6,40.6
6/2/10,44,0.1,0.1,29.6,40.6
6/3/10,43,0.9,0.8,35.6,40.6
6/4/10,43,0.5,-0.4,34.6,40.6
6/5/10,46,0,-0.5,22.2,40.6
6/6/10,50,0.1,0.1,26.7,40.6
6/7/10,49,0,-0.1,18.8,40.6
6/8/10,49,0,0,25.3,40.6
6/9/10,46,0,0,38.8,40.6
6/10/10,40,0,0,28.6,40.5
6/11/10,34,0,0,27.3,40.5
6/12/10,39,0,0,21.3,40.5
6/13/10,46,0,0,14.1,40.5
6/14/10,53,0,0,21.6,40.3
6/15/10,51,0,0,26.7,40.2
6/16/10,42,0,0,21,40.2
6/17/10,39,0,0,17.8,40.1
6/18/10,47,0,0,26.8,40
6/19/10,42,0,0,28.6,40
6/20/10,41,0,0,24.8,39.9
6/21/10,42,0,0,14.9,39.9
6/22/10,48,0,0,14.4,39.9
6/23/10,53,0,0,18.8,39.9
6/24/10,53,0,0,16.7,39.9
6/25/10,53,0,0,14,39.8
6/26/10,48,0,0,10.1,39.8
6/27/10,58,0,0,16.5,39.8
6/28/10,59,0,0,25.4,39.8
6/29/10,60,0,0,21.7,39.8
6/30/10,52,0,0,25.6,39.8
7/1/10,50,0,0,28.8,39.7
7/2/10,50,0,0,21.3,39.6
7/3/10,48,0,0,16.3,39.6
7/4/10,49,0,0,14.6,39.5
7/5/10,54,0,0,18.5,39.4
7/6/10,53,0,0,13.3,39.4
7/7/10,55,0,0,17,39.3
7/8/10,55,0,0,21.2,39.2
7/9/10,57,0,0,17.2,38.9
7/10/10,56,0,0,23.3,38.9
7/11/10,55,0,0,15.5,38.5
7/12/10,60,0,0,24.7,38.3
7/13/10,57,0,0,23.4,37.9
7/14/10,56,0,0,12.3,37.7
7/15/10,58,0,0,21.6,37.1
7/16/10,65,0,0,17.9,36.7
7/17/10,62,0,0,15.9,35.9
7/18/10,64,0,0,21.9,35.4
7/19/10,61,0,0,18.4,34.2
7/20/10,57,0,0,18.2,33.8
7/21/10,59,0,0,21.2,32.8
7/22/10,53,0,0,18.5,31.7
7/23/10,60,0,0,17.7,31.2
7/24/10,61,0,0,15.4,30.5
7/25/10,62,0,0,20.4,29.8
7/26/10,57,0,0,18.4,29.7
7/27/10,56,0,0,21.2,29.1
7/28/10,57,0,0,22.8,27.9
7/29/10,58,0,0,20.7,28.2
7/30/10,58,0,0,20.6,27.3
7/31/10,55,0,0,21.9,26.8
8/1/10,54,0,0,15.7,27.1
8/2/10,54,0,0,18.7,27
8/3/10,54,0,0,17,26.4
8/4/10,55,0,0,18.2,25.7
8/5/10,57,0,0,17.7,26
8/6/10,56,0,0,21.9,25.6
8/7/10,53,0,0,20.1,25.8
8/8/10,53,0,0,20.7,24.4
8/9/10,52,0,0,20.9,24.2
8/10/10,50,0,0,23.4,24.8
8/11/10,49,0,0,31.3,24.8
8/12/10,50,0,0,9.4,24.2
8/13/10,53,0,0,21.9,23.7
8/14/10,58,0,0,20.9,24.3
8/15/10,55,0,0,17,24.2
8/16/10,56,0,0,13.7,23.8
8/17/10,61,0,0,28.6,24.1
8/18/10,55,0,0,30.4,23.6
8/19/10,53,0,0,15.9,23.5
8/20/10,57,0,0,22.2,23.1
8/21/10,53,0,0,33.1,23
8/22/10,48,0,0,20.7,23.6
8/23/10,49,0,0,20.6,22.7
8/24/10,55,0,0,13.7,23.4
8/25/10,61,0,0,20.3,22.2
8/26/10,65,0,0,29.6,23.3
8/27/10,58,0,0,31.6,22.6
8/28/10,49,0,0,32.4,22.9
8/29/10,36,0,0,15.6,22.3
8/30/10,39,0,0,18.9,21.5
8/31/10,40,0,0,15.3,21.2
9/1/10,50,0,0,11.5,21.6
9/2/10,54,0,0,15,21.7
9/3/10,62,0,0,20.5,21.5
9/4/10,58,0,0,23.9,21.8
9/5/10,55,0,0,23.2,22.1
9/6/10,47,0,0,17.6,21.6
9/7/10,54,0,0,33.2,21.6
9/8/10,44,0.1,0.1,28.5,21.2
9/9/10,34,0,-0.1,15.3,20.2
9/10/10,38,0,0,10.6,20.5
9/11/10,49,0,0,21.3,20.8
9/12/10,50,0,0,21.2,20.5
9/13/10,53,0,0,21,20.9
9/14/10,49,0,0,24.8,20.5
9/15/10,52,0,0,21.4,21
9/16/10,50,0,0,15.6,20.3
9/17/10,54,0,0,20.2,20.7
9/18/10,50,0,0,21.8,20.4
9/19/10,47,0,0,31.4,20.3
9/20/10,42,0,0,19.8,20.4
9/21/10,49,0,0,23,
9/22/10,42,0,0,21.7,19.6
9/23/10,45,0,0,14.7,20.2
9/24/10,55,0,0,16.4,19.3
9/25/10,57,0,0,16.5,20
9/26/10,58,0,0,16.7,20
9/27/10,58,0,0,13.4,19.8
9/28/10,60,0,0,17.7,20.2
9/29/10,61,0,0,14.9,20.4
9/30/10,61,0,0,14.6,21.2
10/1/10,60,0,0,17.5,20.5
10/2/10,58,0.1,0.1,17.6,20.5
10/3/10,52,1.1,1,21,20.4
10/4/10,45,1.4,0.3,20.5,37
10/5/10,38,0.2,-1.2,21.8,38.8
10/6/10,40,0,-0.2,15.5,39.1
10/7/10,36,0.4,0.4,20.6,39
10/8/10,35,0,-0.4,11.9,38.6
10/9/10,43,0,0,11.7,38.5
10/10/10,47,0,0,12.5,38.4
10/11/10,49,0,0,15,38.3
10/12/10,44,0,0,6.8,38.1
10/13/10,47,0,0,9.8,37.8
10/14/10,52,0,0,16.8,37.8
10/15/10,48,0,0,16.7,37.4
10/16/10,48,0,0,23,37.3
10/17/10,46,0.6,0.6,18.8,37.1
10/18/10,39,0,-0.6,15,38.2
10/19/10,43,0,0,17.2,38.1
10/20/10,46,0,0,19.1,38.1
10/21/10,43,0.1,0.1,25.8,37.8
10/22/10,37,0.7,0.6,27.5,37.8
10/23/10,35,1.3,0.6,39.9,37.6
10/24/10,39,6.1,4.8,50.2,40.4
10/25/10,31,0.8,-5.3,35.3,40.5
10/26/10,28,0,-0.8,21.9,40
10/27/10,26,0,0,25.3,39.8
10/28/10,42,0,0,41.4,39.9
10/29/10,40,0,0,36.8,40.1
10/30/10,41,0.4,0.4,27.3,39.9
10/31/10,32,0,-0.4,23.1,40.1
11/1/10,40,0,0,11.5,40.1
11/2/10,46,0,0,9.2,39.7
11/3/10,48,0,0,14.7,39.5
11/4/10,52,0,0,22.6,39.4
11/5/10,51,0,0,27.3,39.2
11/6/10,47,0,0,31.9,39.1
11/7/10,37,1.7,1.7,28.9,39
11/8/10,26,0.1,-1.6,12.1,38.8
11/9/10,18,0.3,0.2,37.4,39
11/10/10,29,0.7,0.4,32.8,39.3
11/11/10,23,0,-0.7,20.2,39.5
11/12/10,40,0,0,15.2,39.6
11/13/10,30,0,0,20.3,39.6
11/14/10,33,0,0,27.2,39.6
11/15/10,38,0,0,21.8,39.9
11/16/10,46,0,0,22.4,40.1
11/17/10,39,0,0,20.7,39.8
11/18/10,39,0,0,38.2,39.7
11/19/10,35,0.9,0.9,39.4,39.7
11/20/10,24,1.2,0.3,39.8,39.6
11/21/10,20,1.5,0.3,43,39.5
11/22/10,20,0.2,-1.3,38.9,39.5
11/23/10,23,2.3,2.1,49,39.4
11/24/10,14,0,-2.3,14.7,39.4
11/25/10,14,0,0,8.7,39.4
11/26/10,36,0,0,27.6,39.3
11/27/10,29,1.2,1.2,33.6,39.3
11/28/10,16,0,-1.2,11.8,39.3
11/29/10,11,0,0,12.5,39.3
11/30/10,37,0,0,21,39.3
12/1/10,33,0,0,22.5,39.2
12/2/10,38,1.6,1.6,33.1,39.2
12/3/10,33,0,-1.6,32.3,39.2
12/4/10,38,0,0,25.4,39.2
12/5/10,33,0.4,0.4,42.8,39.2
12/6/10,30,1,0.6,38.4,39.2
12/7/10,33,0,-1,25.7,39.2
12/8/10,40,1.8,1.8,37.5,39.3
12/9/10,37,0,-1.8,39.8,39.3
12/10/10,35,0,0,38.6,39.4
12/11/10,34,0,0,20.8,39.8
12/12/10,40,0,0,16.8,39.7
12/13/10,45,0,0,32.1,39.6
12/14/10,39,2.6,2.6,40.8,39.6
12/15/10,24,0,-2.6,19.3,39.6
12/16/10,24,0,0,20.1,39.5
12/17/10,25,2.4,2.4,32.9,39.5
12/18/10,31,4.9,2.5,48.5,39.5
12/19/10,32,2.5,-2.4,57.4,39.5
12/20/10,19,0.3,-2.2,28,39.5
12/21/10,23,0,-0.3,34.8,39.5
12/22/10,29,0,0,31.4,39.4
12/23/10,28,0,0,22.8,39.4
12/24/10,40,0,0,34.3,39.4
12/25/10,40,0,0,49.5,39.4
12/26/10,24,0.8,0.8,37.6,39.4
12/27/10,25,0,-0.8,26.1,39.4
12/28/10,30,2.6,2.6,36,39.4
12/29/10,29,1,-1.6,36.3,39.4
12/30/10,9,0,-1,19.8,39.4
12/31/10,11,0,0,21.2,39.4
1/1/11,23,0.5,0.5,28.1,39.4
1/2/11,28,0,-0.5,16.9,39.4
1/3/11,19,0,0,10.4,39.4
1/4/11,22,0,0,5.3,39.3
1/5/11,31,0,0,7.1,39.4
1/6/11,33,0,0,7,39.3
1/7/11,35,0,0,13.2,39.3
1/8/11,36,0,0,25.9,39.3
1/9/11,26,0,0,27.2,39.3
1/10/11,11,0,0,19.9,39.3
1/11/11,30,0.6,0.6,32.7,39.3
1/12/11,29,0,-0.6,22.3,39.2
1/13/11,35,0,0,37.5,39.2
1/14/11,32,0,0,10.9,39.1
1/15/11,39,0,0,22.4,39.2
1/16/11,44,0,0,21.3,39.2
1/17/11,45,0,0,24.8,39.4
1/18/11,38,0,0,21.3,39.7
1/19/11,37,0,0,29.5,39.7
1/20/11,27,0,0,16.4,39.6
1/21/11,39,0,0,7.4,39.6
1/22/11,41,0,0,20.6,39.5
1/23/11,31,0,0,17.4,39.4
1/24/11,40,0,0,7.1,39.4
1/25/11,39,0,0,11.5,39.5
1/26/11,31,0,0,12.6,39.5
1/27/11,37,0,0,11,39.4
1/28/11,42,0,0,20.1,39.5
1/29/11,39,0,0,30.4,39.5
1/30/11,26,0.7,0.7,37.6,39.4
1/31/11,23,0,-0.7,15.5,39.4
2/1/11,24,0,0,23,39.4
2/2/11,15,0,0,18.2,39.4
2/3/11,26,0,0,17.1,39.5
2/4/11,32,0,0,18,39.4
2/5/11,37,0,0,22.8,39.4
2/6/11,34,0,0,28.2,39.5
2/7/11,40,0,0,30.5,39.4
2/8/11,18,0,0,25.4,39.4
2/9/11,18,0,0,22,39.4
2/10/11,22,0,0,10.5,39.4
2/11/11,28,0,0,11.7,39.3
2/12/11,43,0,0,29.6,39.4
2/13/11,35,0,0,33.6,39.4
2/14/11,34,0.3,0.3,45,39.3
2/15/11,31,0.2,-0.1,45.3,39.3
2/16/11,27,0.8,0.6,45.1,39.2
2/17/11,16,0.5,-0.3,41.2,39.2
2/18/11,19,2.4,1.9,29.7,39.2
2/19/11,26,0,-2.4,44.6,39.2
2/20/11,16,0,0,29.5,39.2
2/21/11,17,0,0,28.8,39.2
2/22/11,18,0,0,24.3,39.1
2/23/11,23,0,0,30.6,39.1
2/24/11,19,0.6,0.6,38.5,39.1
2/25/11,21,2.2,1.6,39.8,39
2/26/11,8,0,-2.2,18,39
2/27/11,13,0,0,19.2,38.9
2/28/11,21,0,0,28,39
3/1/11,27,0,0,36.2,39
3/2/11,29,1.3,1.3,41.9,38.9
3/3/11,29,1,-0.3,35.6,38.9
3/4/11,25,0,-1,19.9,38.9
3/5/11,33,0,0,26.2,38.9
3/6/11,31,1.5,1.5,25.2,38.8
3/7/11,30,0,-1.5,28,38.8
3/8/11,23,0,0,20,38.9
3/9/11,37,0,0,25.7,38.9
3/10/11,39,0.6,0.6,39.5,38.8
3/11/11,33,0,-0.6,32.8,38.8
3/12/11,29,0,0,23.1,38.8
3/13/11,35,1.1,1.1,37,38.8
3/14/11,33,0.7,-0.4,36,38.8
3/15/11,33,3.5,2.8,36.6,38.8
3/16/11,29,1.8,-1.7,34.1,38.8
3/17/11,22,0,-1.8,26.1,38.8
3/18/11,23,0,0,48.9,38.8
3/19/11,18,0,0,41.7,38.8
3/20/11,27,0.6,0.6,51.9,38.8
3/21/11,22,0.9,0.3,28.8,38.8
3/22/11,19,0.4,-0.5,23.3,38.8
3/23/11,24,0.6,0.2,42.5,38.8
3/24/11,21,0.7,0.1,51.1,38.8
3/25/11,18,1.1,0.4,38.3,38.9
3/26/11,23,1.6,0.5,46.9,38.9
3/27/11,24,1.7,0.1,46,38.9
3/28/11,27,0,-1.7,44.3,38.9
3/29/11,36,0,0,20.2,38.9
3/30/11,37,0,0,21.3,38.9
3/31/11,47,0,0,11.8,38.9
4/1/11,52,0.6,0.6,24.6,39.2
4/2/11,45,0,-0.6,44.6,39.5
4/3/11,30,0,0,13.2,39.8
4/4/11,31,0,0,18.9,39.8
4/5/11,41,0,0,27.5,39.7
4/6/11,32,0,0,34.8,39.8
4/7/11,25,1.4,1.4,36.1,39.7
4/8/11,13,0,-1.4,17.7,39.6
4/9/11,20,0,0,20.8,39.5
4/10/11,24,0,0,18.1,39.5
4/11/11,31,0,0,24.4,39.4
4/12/11,31,0,0,24.5,39.4
4/13/11,28,0.6,0.6,29.6,39.3
4/14/11,26,0,-0.6,21.5,39.3
4/15/11,34,0,0,22.9,39.3
4/16/11,38,0,0,19.3,39.3
4/17/11,40,0.2,0.2,39.5,39.3
4/18/11,34,1,0.8,38.1,39.8
4/19/11,35,0,-1,22.9,39.8
4/20/11,35,1.1,1.1,36.7,39.7
4/21/11,31,0.6,-0.5,44.1,39.7
4/22/11,30,0.2,-0.4,17,39.6
4/23/11,28,0.4,0.2,24.3,39.5
4/24/11,32,0.8,0.4,40.1,39.5
4/25/11,31,0.6,-0.2,40.5,39.5
4/26/11,26,0,-0.6,23.9,39.4
4/27/11,33,0,0,25.8,39.4
4/28/11,35,0,0,35.8,39.3
4/29/11,25,0,0,23.7,39.4
4/30/11,23,0,0,20.9,39.3
5/1/11,29,0,0,13.7,39.4
5/2/11,36,0,0,28.2,39.4
5/3/11,38,0,0,25.3,39.3
5/4/11,39,0,0,14.7,39.5
5/5/11,48,0,0,21.3,39.7
5/6/11,47,0,0,23.7,40
5/7/11,45,0.1,0.1,38.7,40.1
5/8/11,34,0.1,0,33.9,40.1
5/9/11,27,0.2,0.1,18.2,39.9
5/10/11,28,0,-0.2,14.4,39.8
5/11/11,40,0,0,23.3,39.7
5/12/11,41,0,0,25.8,39.9
5/13/11,44,0,0,24.1,40
5/14/11,44,0,0,35.5,40
5/15/11,29,1.4,1.4,28.8,40
5/16/11,19,0,-1.4,25.1,39.9
5/17/11,26,0.5,0.5,32.6,39.8
5/18/11,27,0.8,0.3,17.4,39.7
5/19/11,30,0,-0.8,20.4,39.6
5/20/11,37,0.1,0.1,17.6,39.6
5/21/11,44,0,-0.1,24.2,39.7
5/22/11,39,0,0,21.1,40
5/23/11,36,0,0,27,40
5/24/11,32,0,0,20.7,39.8
5/25/11,40,0.2,0.2,44.9,39.9
5/26/11,25,0,-0.2,29.2,39.9
5/27/11,32,0,0,30.3,39.8
5/28/11,34,1.4,1.4,34.6,39.7
5/29/11,21,0,-1.4,19.1,39.7
5/30/11,30,0,0,31.6,39.6
5/31/11,34,0,0,40.5,39.5
6/1/11,33,0.7,0.7,36.4,39.5
6/2/11,25,0,-0.7,23,39.5
6/3/11,30,0,0,28.7,39.5
6/4/11,41,0.3,0.3,27.8,39.5
6/5/11,39,0.8,0.5,20.5,39.5
6/6/11,33,0.7,-0.1,30.2,39.8
6/7/11,34,0,-0.7,14.4,39.9
6/8/11,41,0.1,0.1,16.8,40
6/9/11,44,0,-0.1,13.4,40.1
6/10/11,47,0,0,20.6,40.1
6/11/11,46,0.1,0.1,22.5,40.2
6/12/11,43,0,-0.1,18.1,40.2
6/13/11,47,0.1,0.1,17.6,40.2
6/14/11,46,0,-0.1,15.4,40.2
6/15/11,55,0,0,16.7,40.2
6/16/11,50,0.1,0.1,19.5,40.2
6/17/11,44,0,-0.1,17.2,40.2
6/18/11,47,0,0,26.6,40.2
6/19/11,47,0,0,13.5,40.2
6/20/11,46,0,0,13.7,40.2
6/21/11,54,0,0,13.1,40.2
6/22/11,57,0,0,20.1,40.3
6/23/11,54,0,0,25.8,40.3
6/24/11,49,0,0,26.4,40.3
6/25/11,50,0,0,19.6,40.3
6/26/11,49,0,0,12.2,40.3
6/27/11,55,0,0,29.3,40.3
6/28/11,48,0.8,0.8,40.3,40.4
6/29/11,39,0.3,-0.5,30.8,40.7
6/30/11,44,0,-0.3,18.5,40.3
7/1/11,51,0,0,12.3,40.1
7/2/11,56,0,0,21,40
7/3/11,62,0,0,22.7,40
7/4/11,60,0,0,17.3,40
7/5/11,57,0,0,14.3,39.9
7/6/11,58,0,0,13.7,39.9
7/7/11,56,0,0,21.5,39.9
7/8/11,55,0,0,16.6,39.8
7/9/11,54,0,0,20.7,39.8
7/10/11,56,0,0,22,39.7
7/11/11,52,0,0,24.6,39.7
7/12/11,50,0,0,23.6,39.6
7/13/11,47,0,0,24.4,39.5
7/14/11,44,0,0,20.7,39.3
7/15/11,47,0,0,17.5,39.3
7/16/11,44,0,0,19.8,39.3
7/17/11,46,0,0,29.5,39.1
7/18/11,49,0,0,28.5,39
7/19/11,48,0,0,23.4,39
7/20/11,51,0,0,18.7,38.8
7/21/11,53,0,0,18.8,38.7
7/22/11,53,0,0,16.2,38.6
7/23/11,52,0,0,17.2,38.4
7/24/11,58,0,0,21.1,38.4
7/25/11,56,0,0,24.6,38
7/26/11,52,0,0,21,37.7
7/27/11,50,0,0,15.2,37.3
7/28/11,56,0,0,14.1,37
7/29/11,59,0,0,14.7,36.7
7/30/11,60,0,0,19.6,36.3
7/31/11,57,0,0,19.5,35.5
8/1/11,56,0,0,19.5,35.2
8/2/11,58,0,0,24.1,34.8
8/3/11,59,0,0,21.5,34.4
8/4/11,55,0,0,24.2,33.6
8/5/11,52,0,0,15.1,32.7
8/6/11,54,0,0,18.6,32.4
8/7/11,51,0,0,19.5,31.8
8/8/11,54,0,0,17.2,31.3
8/9/11,53,0,0,18.1,30.6
8/10/11,54,0,0,17.6,30.1
8/11/11,52,0,0,18.7,29.6
8/12/11,55,0,0,18.5,29.2
8/13/11,56,0,0,18.3,28.6
8/14/11,57,0.1,0.1,28.2,28.3
8/15/11,53,0,-0.1,22.2,28.2
8/16/11,50,0,0,18.3,27.5
8/17/11,55,0,0,14.6,26.9
8/18/11,56,0,0,16.1,26.9
8/19/11,53,0,0,15.6,26.7
8/20/11,55,0,0,20.9,26.5
8/21/11,53,0,0,15.8,26.6
8/22/11,53,0,0,19.1,26.1
8/23/11,59,0,0,16.8,26
8/24/11,60,0,0,21.5,25.4
8/25/11,58,0,0,18.5,25.4
8/26/11,61,0,0,24.7,25.4
8/27/11,63,0,0,25.8,25.2
8/28/11,60,0,0,23.1,24.9
8/29/11,60,0,0,20,25.2
8/30/11,58,0,0,17.6,24.6
8/31/11,54,0,0,20.2,24.1
9/1/11,52,0,0,15.9,23.7
9/2/11,51,0,0,13.9,24.1
9/3/11,55,0,0,13.1,23.9
9/4/11,56,0,0,20.7,24.1
9/5/11,57,0,0,19.3,23
9/6/11,52,0,0,13.5,23.2
9/7/11,56,0,0,14.7,23.4
9/8/11,57,0,0,14.4,22.5
9/9/11,56,0,0,18.3,22.1
9/10/11,58,0,0,15.2,22.3
9/11/11,53,0.2,0.2,18.9,22.2
9/12/11,46,0,-0.2,16,22.5
9/13/11,49,0.1,0.1,16.4,21.4
9/14/11,49,0,-0.1,18.5,21.3
9/15/11,51,0,0,26.1,21.2
9/16/11,49,0,0,25.6,21.7
9/17/11,44,0,0,15.2,22.2
9/18/11,49,0,0,9.5,21.8
9/19/11,55,0,0,13.9,21.7
9/20/11,55,0,0,15.2,21.9
9/21/11,56,0,0,16.6,21.7
9/22/11,55,0,0,17.3,22.3
9/23/11,58,0,0,14,21.7
9/24/11,58,0,0,21.2,21.8
9/25/11,50,0,0,23.4,22.2
9/26/11,45,0,0,20.2,21.6
9/27/11,54,0,0,13.7,21.5
9/28/11,58,0,0,17.4,21.9
9/29/11,57,0,0,20.1,21.3
9/30/11,60,0,0,26.8,21.3
10/1/11,50,0.1,0.1,34.8,22.2
10/2/11,44,0,-0.1,38.3,21.3
10/3/11,44,0.5,0.5,36.4,20.7
10/4/11,37,1.4,0.9,36.5,20.6
10/5/11,33,1.4,0,48.9,19.5
10/6/11,27,0.8,-0.6,19.7,19.8
10/7/11,28,0,-0.8,12.9,19.3
10/8/11,38,0.1,0.1,10.5,18.2
10/9/11,38,0,-0.1,18.1,18.6
10/10/11,42,0.7,0.7,31.3,18.1
10/11/11,45,0.7,0,30.6,18
10/12/11,50,0.1,-0.6,12.2,19
10/13/11,54,0,-0.1,16.5,19.4
10/14/11,53,0,0,19.5,20.5
10/15/11,53,0,0,19.9,21.5
10/16/11,49,0,0,23.2,22.3
10/17/11,46,0,0,10.7,23.2
10/18/11,47,0,0,18.9,23.9
10/19/11,47,0,0,17.6,24.9
10/20/11,44,0,0,19.8,25.5
10/21/11,47,0,0,14.4,25.9
10/22/11,48,0,0,9.1,26.5
10/23/11,50,0,0,21.3,26.9
10/24/11,50,0,0,26.9,26.9
10/25/11,42,0,0,16.1,27.2
10/26/11,30,0,0,,27.3
10/27/11,36,0,0,4.9,27.1
10/28/11,38,0,0,15.6,26.9
10/29/11,47,0,0,10.9,27.1
10/30/11,44,0,0,14.5,27.5
10/31/11,48,0,0,18.6,27.4
11/1/11,40,0,0,24.3,27.5
11/2/11,30,0.1,0.1,32.6,27.4
11/3/11,38,0.4,0.3,34.8,27.3
11/4/11,23,0,-0.4,25.7,27.2
11/5/11,15,0.4,0.4,27.5,27.1
11/6/11,24,0.1,-0.3,19.4,26.9
11/7/11,21,0.1,0,12,26.7
11/8/11,26,0,-0.1,8.5,26.6
11/9/11,32,0,0,15.2,26.6
11/10/11,39,0,0,25.1,26.6
11/11/11,39,0,0,31.5,26.3
11/12/11,31,0,0,22.8,26.4
11/13/11,42,0,0,18.5,26.5
11/14/11,34,0.2,0.2,23,26.2
11/15/11,39,0,-0.2,24.3,26.2
11/16/11,33,0,0,19.7,26.5
11/17/11,39,0.1,0.1,46.9,27.8
11/18/11,31,0,-0.1,46.6,30.5
11/19/11,22,0.2,0.2,32.7,32.1
11/20/11,24,0.8,0.6,23.7,32.8
11/21/11,27,0.4,-0.4,25.9,33
11/22/11,29,0,-0.4,29.2,33.1
11/23/11,36,0,0,44,33.2
11/24/11,33,0,0,26.9,33.2
11/25/11,31,0,0,15.3,33.3
11/26/11,36,0,0,16.2,33.1
11/27/11,47,0,0,26.7,33.5
11/28/11,42,0,0,25,34.4
11/29/11,45,0,0,27.1,35.5
11/30/11,45,0,0,40.8,36.5
12/1/11,19,0,0,38.2,36.7
12/2/11,24,0,0,30.7,36.5
12/3/11,18,0,0,27.7,36.2
12/4/11,22,0,0,27.2,36
12/5/11,20,0,0,22.2,35.7
12/6/11,27,0,0,6.5,35.5
12/7/11,33,0,0,9.2,35.3
12/8/11,33,0,0,14.9,35.4
12/9/11,31,0,0,6.2,34.9
12/10/11,36,0,0,19.3,35.1
12/11/11,33,0,0,20.6,34.8
12/12/11,26,0,0,13.9,34.9
12/13/11,21,0,0,13,34.5
12/14/11,22,0,0,25.8,34.1
12/15/11,24,0,0,30.9,32.9
12/16/11,23,0,0,23.4,31.5
12/17/11,29,0,0,15.2,29.9
12/18/11,40,0,0,12.2,28.8
12/19/11,31,0,0,23.7,27.9
12/20/11,24,0,0,19.2,27.5
12/21/11,31,0,0,21.5,26.8
12/22/11,17,0,0,21.7,25.6
12/23/11,26,0,0,9.5,23.8
12/24/11,31,0,0,18.1,22.8
12/25/11,38,0,0,24.8,22.2
12/26/11,39,0,0,26.5,23
12/27/11,36,0.2,0.2,18.6,22.6
12/28/11,40,0,-0.2,24,22.2
12/29/11,39,0,0,23,23.1
12/30/11,39,0,0,35,24
12/31/11,35,0,0,16.5,24.2
1/1/12,38,0,0,24.6,24.6
1/2/12,46,0,0,35.2,25.1
1/3/12,40,0,0,24,25.1
1/4/12,45,0,0,20.2,25.9
1/5/12,46,0,0,21.4,25.9
1/6/12,40,0,0,19.2,26.5
1/7/12,35,0,0,27.6,26.7
1/8/12,26,0,0,19.8,26.8
1/9/12,35,0,0,18.9,26.7
1/10/12,40,0,0,16.3,26.5
1/11/12,32,0,0,8.7,26.7
1/12/12,31,0,0,11.8,26.9
1/13/12,33,0,0,11.8,26.9
1/14/12,40,0,0,30,26.7
1/15/12,34,0,0,43,26.8
1/16/12,17,0.1,0.1,26.4,26.6
1/17/12,15,0,-0.1,38.8,26.5
1/18/12,24,0,0,39.1,25.7
1/19/12,33,1,1,44,24.3
1/20/12,31,4.2,3.2,45.7,23.7
1/21/12,33,0.6,-3.6,42.1,31.4
1/22/12,20,1.2,0.6,30.8,30.9
1/23/12,29,2,0.8,33,31.3
1/24/12,25,0,-2,22.2,31.5
1/25/12,38,0,0,19.8,31.9
1/26/12,39,0,0,28,32.1
1/27/12,30,0,0,15.6,32.6
1/28/12,30,0,0,8.7,32.9
1/29/12,37,0,0,23.7,33.1
1/30/12,36,0,0,22.7,33.4
1/31/12,31,0,0,21.4,33.8
2/1/12,30,0,0,28.5,34
2/2/12,25,0,0,21.8,34.2
2/3/12,21,0,0,7.6,34.6
2/4/12,22,0,0,10,34.6
2/5/12,23,0,0,13.5,34.9
2/6/12,30,0,0,17.2,35.1
2/7/12,38,0.1,0.1,22.9,35.6
2/8/12,29,0,-0.1,14.6,35.7
2/9/12,39,0,0,21.4,36.2
2/10/12,38,0,0,35.9,36.4
2/11/12,33,0,0,25.5,36.8
2/12/12,26,0,0,26.2,36.9
2/13/12,25,1.1,1.1,28.1,37.3
2/14/12,22,0,-1.1,32.2,37
2/15/12,23,0.5,0.5,39.9,36.3
2/16/12,18,0,-0.5,19.5,36.1
2/17/12,33,0,0,23,36.2
2/18/12,32,0,0,27.5,36.2
2/19/12,18,0,0,24.9,36.1
2/20/12,25,0,0,32,36.3
2/21/12,26,0,0,18.4,36.2
2/22/12,37,0,0,11.8,36.2
2/23/12,36,0,0,20.3,36.3
2/24/12,34,0,0,30.1,36.1
2/25/12,32,0,0,34.5,36.2
2/26/12,18,0,0,21.3,36.1
2/27/12,23,0.6,0.6,23.9,36.2
2/28/12,16,0.3,-0.3,39.2,36.2
2/29/12,20,1.7,1.4,53.2,36.1
3/1/12,19,2.2,0.5,44.9,36
3/2/12,14,0,-2.2,16.5,36.2
3/3/12,28,0,0,8,36.1
3/4/12,40,0,0,15.4,36
3/5/12,40,0,0,39.3,36.1
3/6/12,31,0,0,39.3,37.3
3/7/12,8,0,0,28.7,37.3
3/8/12,26,0,0,11.8,37.1
3/9/12,39,0,0,18.8,37
3/10/12,41,0,0,28.6,37.5
3/11/12,32,0,0,53.8,38
3/12/12,26,0.3,0.3,39.3,37.8
3/13/12,28,1.8,1.5,45,37.6
3/14/12,30,1.9,0.1,48.2,37.5
3/15/12,34,1.6,-0.3,38.7,37.3
3/16/12,33,3,1.4,40.1,39.1
3/17/12,25,0.6,-2.4,24.3,38.8
3/18/12,19,1.3,0.7,24.1,38.6
3/19/12,14,0,-1.3,15.8,38.3
3/20/12,31,0,0,22.7,38.2
3/21/12,35,0,0,27.6,39.6
3/22/12,35,0,0,42.1,39.5
3/23/12,31,0.1,0.1,30.8,39.4
3/24/12,33,0,-0.1,37.9,39.2
3/25/12,32,0,0,36.4,39.1
3/26/12,22,0,0,35.8,39
3/27/12,26,0,0,45.2,38.9
3/28/12,30,1.5,1.5,37.4,38.9
3/29/12,30,0,-1.5,33,38.8
3/30/12,32,0.5,0.5,36,38.6
3/31/12,35,1.2,0.7,52.2,39.8
4/1/12,22,0,-1.2,46.6,39.6
4/2/12,23,0,0,14.9,39.6
4/3/12,42,0.1,0.1,41,39.7
4/4/12,30,0,-0.1,36.5,39.7
4/5/12,18,0.3,0.3,22.1,39.5
4/6/12,15,0,-0.3,17.2,39.4
4/7/12,31,0,0,28.3,39.4
4/8/12,38,0,0,26.9,39.3
4/9/12,39,0.1,0.1,30.3,39.5
4/10/12,39,0.2,0.1,28.7,39.6
4/11/12,31,0.7,0.5,38.8,39.7
4/12/12,23,0,-0.7,41.3,39.7
4/13/12,25,1.3,1.3,38.9,39.6
4/14/12,22,0.1,-1.2,20.8,39.5
4/15/12,29,0,-0.1,17.8,39.2
4/16/12,35,0,0,21.6,39.4
4/17/12,37,0,0,30.8,39.7
4/18/12,36,0,0,26.5,39.9
4/19/12,37,0,0,16.5,39.9
4/20/12,43,0,0,17.6,39.8
4/21/12,53,0,0,21.5,39.7
4/22/12,53,0,0,17.1,39.9
4/23/12,50,0.1,0.1,21.8,39.9
4/24/12,46,0,-0.1,17.8,40
4/25/12,41,0.2,0.2,35.5,40
4/26/12,38,1.9,1.7,50.1,40
4/27/12,27,0.1,-1.8,14.2,39.9
4/28/12,36,0,-0.1,12.8,39.7
4/29/12,40,0,0,15.2,39.7
4/30/12,46,0,0,34,39.8
5/1/12,40,0,0,30.1,40
5/2/12,38,0,0,28.3,40
5/3/12,36,0.2,0.2,37.1,39.7
5/4/12,32,0,-0.2,33.3,39.5
5/5/12,29,0,0,17.5,39.6
5/6/12,34,0,0,15.2,39.8
5/7/12,40,0,0,15.2,40
5/8/12,44,0,0,15,40
5/9/12,49,0,0,26.1,40.1
5/10/12,47,0,0,14.1,40.1
5/11/12,43,0,0,14.2,40.1
5/12/12,45,0,0,11.3,40.1
5/13/12,49,0,0,17.3,40.1
5/14/12,51,0,0,21,40.1
5/15/12,41,0,0,16.6,40.1
5/16/12,55,0,0,23.8,40
5/17/12,49,0,0,35,39.5
5/18/12,34,0,0,14.6,39.3
5/19/12,43,0,0,18.1,39.2
5/20/12,50,0,0,16,39.2
5/21/12,52,0,0,33,39.1
5/22/12,44,0,0,28.7,39.1
5/23/12,39,0,0,25.1,39
5/24/12,39,0.2,0.2,33.3,38.9
5/25/12,32,0,-0.2,21.3,38.8
5/26/12,29,0,0,20.8,38.7
5/27/12,31,0.1,0.1,13,39.3
5/28/12,38,0,-0.1,22.2,39.2
5/29/12,42,0,0,19.3,39.1
5/30/12,46,0,0,14.3,39
5/31/12,54,0.1,0.1,11.9,39
6/1/12,55,0,-0.1,20.4,39
6/2/12,52,0,0,24.1,38.9
6/3/12,50,0,0,28.1,38.9
6/4/12,47,0.9,0.9,38.1,38.8
6/5/12,27,0,-0.9,22.9,38.7
6/6/12,30,0,0,11.1,39.8
6/7/12,42,0,0,24.7,39.5
6/8/12,43,0,0,,39.3
6/9/12,39,0,0,21.2,39.1
6/10/12,39,0,0,18.7,38.9
6/11/12,46,0,0,17.5,38.9
6/12/12,51,0,0,22.4,38.8
6/13/12,51,0,0,16.2,38.8
6/14/12,54,0,0,18.4,38.7
6/15/12,51,0,0,12.9,38.7
6/16/12,56,0,0,16,38.6
6/17/12,59,0,0,27.3,38.4
6/18/12,57,0,0,34.7,38.4
6/19/12,50,0,0,24,38.2
6/20/12,49,0,0,14.9,38
6/21/12,59,0,0,33.6,37.8
6/22/12,47,0,0,30.3,37.5
6/23/12,39,0,0,35.7,37.4
6/24/12,38,0,0,36.5,37
6/25/12,42,0,0,37.5,36.8
6/26/12,35,0,0,36,36.7
6/27/12,46,0,0,24.3,36.4
6/28/12,52,0,0,23.7,36.4
6/29/12,51,0,0,20.4,36.1
6/30/12,51,0,0,22.2,35.7
7/1/12,49,0,0,16.6,35.5
7/2/12,52,0,0,20.4,35.3
7/3/12,52,0,0,16.9,34.8
7/4/12,54,0,0,28,34.5
7/5/12,52,0,0,25.4,34.1
7/6/12,55,0,0,23.6,33.1
7/7/12,58,0,0,20,32.7
7/8/12,57,0,0,22.1,32.2
7/9/12,58,0,0,20.9,31.7
7/10/12,62,0,0,21.3,31.1
7/11/12,62,0,0,23.8,30.4
7/12/12,59,0,0,19.3,29.5
7/13/12,61,0,0,23.2,29.1
7/14/12,57,0,0,25.3,28.4
7/15/12,56,0,0,24.4,27.9
7/16/12,54,0,0,28,28.3
7/17/12,47,0,0,28.4,27.8
7/18/12,46,0,0,28.8,26.7
7/19/12,55,0,0,27.7,26.4
7/20/12,51,0,0,21.6,26.6
7/21/12,59,0,0,20.2,26
7/22/12,62,0,0,23.4,26.3
7/23/12,60,0.9,0.9,25,26
7/24/12,54,0,-0.9,17.9,25.7
7/25/12,56,0,0,22.5,25.8
7/26/12,56,0,0,18.5,25.5
7/27/12,55,0,0,19.3,25.7
7/28/12,54,0,0,17,25.9
7/29/12,53,0,0,18.5,25.8
7/30/12,58,0,0,19.6,25.6
7/31/12,59,0,0,21.1,25.7
8/1/12,59,0,0,22.2,25.6
8/2/12,59,0,0,18.8,25.1
8/3/12,63,0,0,19.4,25.6
8/4/12,63,0,0,27,25.1
8/5/12,56,0,0,27,25.7
8/6/12,59,0,0,25.9,25.6
8/7/12,59,0,0,25.1,24.4
8/8/12,62,0,0,22.9,24.8
8/9/12,62,0,0,22.2,24.5
8/10/12,64,0,0,23.3,24.7
8/11/12,60,0,0,19.7,24.9
8/12/12,66,0,0,21.3,24.6
8/13/12,64,0.1,0.1,15.3,24.4
8/14/12,61,0,-0.1,25.3,23.9
8/15/12,62,0,0,21.6,24.1
8/16/12,60,0,0,16.4,23.6
8/17/12,62,0,0,16.7,23.8
8/18/12,61,0,0,18,23.4
8/19/12,60,0,0,18.8,23.4
8/20/12,59,0,0,27.2,23.4
8/21/12,58,0,0,27.7,23.5
8/22/12,58,0,0,21.5,23.3
8/23/12,55,0,0,20.7,23.1
8/24/12,56,0,0,25,23
8/25/12,58,0,0,26,23.3
8/26/12,56,0,0,32.3,22.5
8/27/12,53,0,0,26.3,22.9
8/28/12,55,0,0,33.7,22.5
8/29/12,54,0,0,27.5,22.2
8/30/12,57,0.4,0.4,26.2,22.9
8/31/12,57,0,-0.4,34.6,21.9
9/1/12,49,0,0,24.3,22.4
9/2/12,50,0,0,18.3,21.5
9/3/12,57,0,0,16.9,22.3
9/4/12,55,0,0,25.3,21.9
9/5/12,58,0.4,0.4,23.7,21.4
9/6/12,51,0,-0.4,19,21.2
9/7/12,53,0,0,21,21.6
9/8/12,58,0,0,24,20.7
9/9/12,58,0,0,35.9,21.4
9/10/12,55,0,0,24.1,21.8
9/11/12,53,0.1,0.1,16.9,21
9/12/12,54,0,-0.1,14.1,21.8
9/13/12,54,0,0,17.4,21
9/14/12,57,0,0,28.5,21.4
9/15/12,57,0,0,29.3,21.1
9/16/12,55,0,0,26.2,20.9
9/17/12,52,0,0,16.1,21.9
9/18/12,56,0,0,17.4,21.7
9/19/12,55,0,0,19.1,21.6
9/20/12,57,0,0,16.8,21.5
9/21/12,57,0,0,21.3,20.7
9/22/12,56,0,0,20.7,21.8
9/23/12,54,0,0,40.8,20.8
9/24/12,50,0,0,37.2,21.5
9/25/12,48,0,0,16.5,21.2
9/26/12,50,0,0,16.9,21.1
9/27/12,52,0,0,17.6,20.2
9/28/12,55,0,0,16.9,21.1
9/29/12,55,0,0,20.8,20.1
9/30/12,54,0,0,10.9,20.5
10/1/12,56,0,0,16.8,20.4
10/2/12,57,0,0,21.9,21.2
10/3/12,55,0,0,23,20.1
10/4/12,53,0,0,26,20.8
10/5/12,48,0,0,26.8,20
10/6/12,46,0,0,20.2,20.7
10/7/12,44,0,0,17.7,20.6
10/8/12,45,0,0,28.9,20.1
10/9/12,39,0,0,16.1,19.8
10/10/12,43,0,0,17.8,19.8
10/11/12,45,0,0,17.7,19.6
10/12/12,44,0,0,22.9,18.8
10/13/12,47,0,0,12.1,18.9
10/14/12,45,0,0,26.5,19.7
10/15/12,49,0,0,26.6,18.6
10/16/12,52,0,0,25.4,19.1
10/17/12,44,0,0,9.6,19.2
10/18/12,47,0,0,26.8,19.7
10/19/12,51,0,0,24.2,19.4
10/20/12,48,0,0,32.2,19.4
10/21/12,38,0,0,42.3,19.6
10/22/12,28,3.6,3.6,46.3,19
10/23/12,27,0.3,-3.3,41.5,18.3
10/24/12,25,0.4,0.1,34.8,17.7
10/25/12,28,0.1,-0.3,29.4,18.3
10/26/12,29,0,-0.1,11.3,17.8
10/27/12,43,0,0,9.1,17.2
10/28/12,43,0,0,22,16.9
10/29/12,46,0,0,23.2,16.8
10/30/12,48,0,0,23.7,16.7
10/31/12,46,0,0,40.3,17.2
11/1/12,37,0.6,0.6,45.6,16.6
11/2/12,35,0,-0.6,9.3,16.8
11/3/12,43,0,0,6.9,16.4
11/4/12,44,0,0,13,16.6
11/5/12,46,0,0,11,17.1
11/6/12,48,0,0,16.6,16.5
11/7/12,49,0,0,38.2,16.5
11/8/12,39,0.9,0.9,38,16.7
11/9/12,18,0,-0.9,28.1,16.7
11/10/12,17,0.5,0.5,23.3,16.7
11/11/12,15,0,-0.5,13.2,16.8
11/12/12,35,0.1,0.1,23,17.5
11/13/12,36,0,-0.1,19.9,17.2
11/14/12,39,0,0,16.3,17.2
11/15/12,41,0,0,22.2,17.8
11/16/12,35,0.1,0.1,25.2,18.2
11/17/12,34,2.3,2.2,49.5,18.4
11/18/12,31,1,-1.3,46.2,18.4
11/19/12,30,0.2,-0.8,28,18.4
11/20/12,35,0.1,-0.1,48.9,18.9
11/21/12,33,0.9,0.8,55.9,18.8
11/22/12,36,0,-0.9,11.6,19.3
11/23/12,41,0.1,0.1,16.9,19.9
11/24/12,45,0,-0.1,22.2,21.1
11/25/12,42,0,0,23.3,25.2
11/26/12,36,0,0,22.1,29.7
11/27/12,42,0,0,30.4,31.5
11/28/12,39,0.3,0.3,58.8,32.3
11/29/12,35,1,0.7,48.7,32.7
11/30/12,34,3.6,2.6,46.4,33.1
12/1/12,34,2.8,-0.8,60.4,33.3
12/2/12,38,1.9,-0.9,58.1,33.7
12/3/12,30,0.1,-1.8,32.4,36
12/4/12,38,0.6,0.5,42.9,36.5
12/5/12,30,1.6,1,30.8,36.7
12/6/12,36,0,-1.6,19.4,37.3
12/7/12,33,0,0,26.2,37.4
12/8/12,35,0,0,19.2,37.4
12/9/12,32,0,0,16.4,37.5
12/10/12,34,0,0,16.9,37.5
12/11/12,36,0.1,0.1,50.2,37.4
12/12/12,27,0.7,0.6,34.5,37.5
12/13/12,14,0,-0.7,6.5,37.6
12/14/12,17,0.2,0.2,19.6,37.6
12/15/12,17,0,-0.2,34.3,37.7
12/16/12,23,0.3,0.3,41.1,37.6
12/17/12,30,0.7,0.4,56.2,37.6
12/18/12,23,0.7,0,16.4,37.6
12/19/12,8,0.4,-0.3,22.4,37.7
12/20/12,25,0,-0.4,49.6,37.6
12/21/12,29,0,0,46,37.7
12/22/12,28,2.2,2.2,50.3,37.6
12/23/12,23,1.7,-0.5,50.1,37.6
12/24/12,26,0.5,-1.2,37.7,37.5
12/25/12,29,1.3,0.8,35.3,37.5
12/26/12,25,0.6,-0.7,36.9,37.6
12/27/12,19,0,-0.6,11,37.6
12/28/12,15,0,0,26.8,37.4
12/29/12,21,0,0,14.7,37.5
12/30/12,19,0,0,14.9,37.4
12/31/12,14,0,0,15.2,37.4
1/1/13,24,0,0,19.4,37.4
1/2/13,26,0,0,8.8,37.5
1/3/13,35,0,0,18.2,37.4
1/4/13,34,0,0,14.4,37.5
1/5/13,35,0,0,27.5,37.4
1/6/13,29,0,0,15.6,37.5
1/7/13,23,0.1,0.1,14.4,37.4
1/8/13,31,0,-0.1,13,37.3
1/9/13,45,0.6,0.6,42.2,37.4
1/10/13,15,0,-0.6,25.1,37.5
1/11/13,12,0,0,20.7,37.4
1/12/13,7,0,0,10.9,37.5
1/13/13,9,0,0,20.9,37.6
1/14/13,5,0,0,20.9,37.5
1/15/13,24,0,0,22.2,37.5
1/16/13,32,0,0,13.3,37.6
1/17/13,31,0,0,6.8,37.5
1/18/13,36,0,0,6.7,37.5
1/19/13,34,0,0,8.3,37.5
1/20/13,35,0,0,12.1,37.5
1/21/13,36,0,0,10,37.5
1/22/13,42,0.3,0.3,27.6,37.5
1/23/13,40,0,-0.3,34.8,37.5
1/24/13,34,0,0,32.3,37.5
1/25/13,37,0.3,0.3,22.2,37.4
1/26/13,36,0.2,-0.1,44.8,37.5
1/27/13,24,0,-0.2,35.6,37.6
1/28/13,15,0,0,22.1,37.6
1/29/13,26,0,0,38.7,37.6
1/30/13,30,0,0,15.1,37.7
1/31/13,34,0,0,20.2,37.8
2/1/13,38,0,0,10.9,37.7
2/2/13,36,0,0,21.1,37.8
2/3/13,38,0,0,19.6,37.8
2/4/13,35,0,0,18.2,37.8
2/5/13,37,0,0,42.1,37.8
2/6/13,26,0.1,0.1,18.4,37.9
2/7/13,29,0.1,0,34.8,37.8
2/8/13,16,0,-0.1,20.8,37.9
2/9/13,14,0,0,16.5,37.8
2/10/13,21,0,0,24.7,37.8
2/11/13,19,0,0,21.3,37.8
2/12/13,26,0,0,8.4,37.8
2/13/13,30,0,0,14.4,37.9
2/14/13,31,0,0,18,37.8
2/15/13,30,0,0,11.8,37.8
2/16/13,42,0,0,19.9,37.7
2/17/13,34,0,0,24.7,37.6
2/18/13,32,0,0,41.5,37.5
2/19/13,25,0.5,0.5,48.3,37.7
2/20/13,17,0.2,-0.3,23.9,37.6
2/21/13,20,0,-0.2,20.3,37.6
2/22/13,23,0,0,31,37.7
2/23/13,27,0,0,42.8,37.6
2/24/13,17,0,0,28.1,37.7
2/25/13,34,0,0,30.6,37.5
2/26/13,26,0,0,18.5,37.6
2/27/13,28,0,0,18.7,37.5
2/28/13,31,0,0,18.5,37.5
3/1/13,35,0,0,8.2,37.5
3/2/13,41,0,0,33.5,37.5
3/3/13,33,0.5,0.5,38.2,37.5
3/4/13,28,0,-0.5,22.7,37.5
3/5/13,32,0.4,0.4,45.7,37.6
3/6/13,27,1,0.6,54.8,37.6
3/7/13,21,0,-1,21.8,37.8
3/8/13,23,0,0,13.1,37.7
3/9/13,25,0,0,19,37.8
3/10/13,28,0,0,17.4,37.9
3/11/13,36,0.1,0.1,11.6,37.9
3/12/13,39,0,-0.1,12,38
3/13/13,46,0,0,23.9,38
3/14/13,47,0,0,27.3,38.2
3/15/13,44,0,0,19.8,38.5
3/16/13,42,0,0,26.1,38.7
3/17/13,32,0,0,20.3,38.7
3/18/13,36,0,0,22.2,38.8
3/19/13,32,0.3,0.3,35.5,38.8
3/20/13,32,0.7,0.4,52.7,38.8
3/21/13,31,0.8,0.1,37.2,38.9
3/22/13,26,0,-0.8,22.1,38.9
3/23/13,27,0,0,20.8,38.8
3/24/13,34,0,0,21,38.8
3/25/13,38,0,0,36.3,38.8
3/26/13,33,0,0,36.9,39
3/27/13,33,0.2,0.2,24.6,39.1
3/28/13,34,0,-0.2,29.2,39.1
3/29/13,36,0.1,0.1,13.1,39.4
3/30/13,40,0,-0.1,18.8,39.7
3/31/13,42,0.2,0.2,25.2,39.7
4/1/13,30,0.1,-0.1,22.4,39.6
4/2/13,30,0,-0.1,14.4,39.4
4/3/13,37,0,0,25.1,39.6
4/4/13,43,0.6,0.6,43.3,39.9
4/5/13,32,0.2,-0.4,36.4,39.9
4/6/13,32,0,-0.2,36.2,39.9
4/7/13,32,0.3,0.3,47.1,39.8
4/8/13,27,0,-0.3,41.4,39.6
4/9/13,24,0,0,34.7,39.5
4/10/13,34,0.2,0.2,26.3,39.4
4/11/13,41,0,-0.2,25.8,40
4/12/13,37,0,0,21.9,40
4/13/13,41,0,0,30.9,40
4/14/13,36,0,0,40.7,40
4/15/13,30,0.4,0.4,34.7,39.9
4/16/13,21,0,-0.4,21.5,39.7
4/17/13,20,0,0,20.2,39.4
4/18/13,27,0,0,17.7,39.3
4/19/13,38,0,0,26,39.6
4/20/13,38,0,0,16.6,40
4/21/13,42,0,0,17.6,40.1
4/22/13,43,0,0,13.4,40.1
4/23/13,33,0,0,20.5,40
4/24/13,38,0,0,24.4,40
4/25/13,39,0,0,20.7,40
4/26/13,43,0,0,17.2,40
4/27/13,49,0,0,17.1,40.1
4/28/13,47,0,0,14.9,40.1
4/29/13,48,0,0,25.1,40.1
4/30/13,46,0,0,16.8,40.1
5/1/13,35,0.5,0.5,22.5,39.7
5/2/13,38,0,-0.5,17.4,39.3
5/3/13,47,0,0,18.6,39.2
5/4/13,46,0,0,16.6,39.2
5/5/13,39,0.1,0.1,21,39
5/6/13,37,0.5,0.4,19.8,38.9
5/7/13,33,0.5,0,19.8,39.7
5/8/13,36,0.1,-0.4,12.3,40.2
5/9/13,40,0,-0.1,11.8,39.9
5/10/13,44,0,0,13.2,39.6
5/11/13,51,0,0,16.6,39.5
5/12/13,52,0,0,24.4,39.3
5/13/13,53,0,0,35.9,39.2
5/14/13,52,0,0,24.6,39.1
5/15/13,47,0,0,29.2,39
5/16/13,42,0.4,0.4,30.8,38.9
5/17/13,35,0,-0.4,28.6,39
5/18/13,37,0,0,22,39.1
5/19/13,38,0,0,18.3,39
5/20/13,41,0,0,19.3,38.9
5/21/13,47,0,0,57.8,38.9
5/22/13,36,0,0,41.2,38.8
5/23/13,32,0,0,21,38.7
5/24/13,37,0,0,26.8,38.4
5/25/13,39,0,0,26.3,38.4
5/26/13,38,0,0,29.8,38.3
5/27/13,39,0.4,0.4,32.7,38.2
5/28/13,38,0.2,-0.2,30,38.3
5/29/13,40,0.4,0.2,33.7,39.1
5/30/13,40,0,-0.4,22.1,39.3
5/31/13,44,0,0,14.4,39.1
6/1/13,50,0,0,22.3,39
6/2/13,54,0,0,26.9,38.9
6/3/13,53,0,0,13.5,38.8
6/4/13,55,0,0,16.3,38.8
6/5/13,59,0,0,17.6,38.5
6/6/13,58,0,0,18.4,38.4
6/7/13,60,0,0,20,38.3
6/8/13,63,0,0,16.8,38.1
6/9/13,62,0,0,18.9,38
6/10/13,57,0,0,33.1,37.8
6/11/13,46,0,0,40.5,37.7
6/12/13,50,0,0,44.4,37.3
6/13/13,42,0,0,25,37
6/14/13,42,0,0,13.2,36.7
6/15/13,48,0,0,21.9,36.5
6/16/13,48,0,0,23.2,36.3
6/17/13,46,0,0,26.8,35.6
6/18/13,46,0,0,44.9,35.4
6/19/13,35,0,0,25.4,35.1
6/20/13,38,0,0,26.1,34.7
6/21/13,40,0,0,17.4,34.4
6/22/13,46,0,0,20.3,34
6/23/13,52,0,0,30.6,33.6
6/24/13,42,1.2,1.2,46.1,33.2
6/25/13,43,1.6,0.4,48.4,33.3
6/26/13,48,0,-1.6,28.9,39.7
6/27/13,55,0,0,19.8,39.1
6/28/13,60,0,0,18.3,38.7
6/29/13,61,0,0,16.6,38.4
6/30/13,62,0,0,20,38.2
7/1/13,68,0,0,18,38
7/2/13,65,0,0,23,37.4
7/3/13,62,1.4,1.4,30.2,37.2
7/4/13,62,0,-1.4,21.9,40.1
7/5/13,62,0,0,29.5,39.3
7/6/13,59,0,0,29.7,38.7
7/7/13,58,0,0,28.9,38.4
7/8/13,57,0,0,24.4,37.9
7/9/13,60,0,0,23,37.3
7/10/13,57,0,0,30.7,36.8
7/11/13,59,0,0,36.7,36.1
7/12/13,54,0,0,22.4,35.7
7/13/13,54,0,0,21.7,35.1
7/14/13,57,0,0,22.3,34.1
7/15/13,58,0,0,22.1,33.5
7/16/13,57,0,0,31.6,32.5
7/17/13,52,0,0,17.7,31.9
7/18/13,58,0,0,16.2,31
7/19/13,64,0,0,15.6,30.8
7/20/13,65,0,0,15,29.4
7/21/13,69,0,0,20.9,29.1
7/22/13,62,0,0,23.4,28.6
7/23/13,62,0,0,17.4,28.4
7/24/13,57,0,0,17.2,28
7/25/13,59,0,0,16.4,27.5
7/26/13,57,0,0,20.7,27.4
7/27/13,60,0,0,22.1,26.7
7/28/13,57,0,0,23.4,26.8
7/29/13,56,0,0,35.7,26.2
7/30/13,55,0,0,27.7,25.7
7/31/13,56,0,0,29.1,25.9
8/1/13,51,0,0,35.5,25.4
8/2/13,47,0,0,18.8,25.7
8/3/13,53,0,0,16.6,25.4
8/4/13,55,0,0,20.7,25
8/5/13,56,0,0,18.7,24.1
8/6/13,55,0,0,22.8,24.9
8/7/13,53,0,0,25.3,24.5
8/8/13,49,0,0,20.2,24.3
8/9/13,49,0,0,29.9,23.6
8/10/13,47,0,0,25.5,24.7
8/11/13,50,0,0,18.5,23.9
8/12/13,52,0,0,24.5,23.8
8/13/13,54,0,0,24.6,23.7
8/14/13,57,0,0,20.8,23.9
8/15/13,59,0,0,30.3,23.6
8/16/13,57,0,0,28,24.1
8/17/13,59,0,0,19.6,22.7
8/18/13,60,0,0,21.6,23.4
8/19/13,62,0,0,17.6,23
8/20/13,61,0,0,17.4,23.4
8/21/13,57,0.5,0.5,15.5,23.2
8/22/13,52,0,-0.5,24.4,22.6
8/23/13,54,0,0,26.1,22.6
8/24/13,53,0,0,29.4,23.3
8/25/13,50,0,0,34,22.8
8/26/13,50,0,0,31.2,22.7
8/27/13,55,0,0,20.7,22.6
8/28/13,54,0,0,30.9,23
8/29/13,54,0,0,30.2,22.4
8/30/13,58,0,0,25,22.8
8/31/13,61,0,0,22.1,23
9/1/13,58,0,0,24.5,22.7
9/2/13,54,0,0,28.2,22.5
9/3/13,53,0,0,25.3,22.9
9/4/13,56,0,0,29.7,22.3
9/5/13,54,0.1,0.1,44.9,22.5
9/6/13,51,0,-0.1,24.2,22.4
9/7/13,56,0,0,24.3,22.6
9/8/13,56,0,0,18.2,22.2
9/9/13,56,0,0,11.5,22.4
9/10/13,56,0,0,15.3,22.7
9/11/13,56,0,0,16.1,22.5
9/12/13,58,0.4,0.4,15.4,22.6
9/13/13,53,0,-0.4,17.3,21.3
9/14/13,56,0,0,16.9,21.8
9/15/13,58,0,0,35,21.3
9/16/13,52,0,0,35.6,22.3
9/17/13,50,0.1,0.1,46.4,22.1
9/18/13,38,0,-0.1,9.9,21.8
9/19/13,45,0,0,17.5,21.3
9/20/13,53,0,0,40.3,21.7
9/21/13,41,0.9,0.9,37.4,21.9
9/22/13,31,0.3,-0.6,20.3,20.3
9/23/13,42,0,-0.3,22.2,20.2
9/24/13,47,0.1,0.1,42.5,20.5
9/25/13,36,0,-0.1,28.7,20.9
9/26/13,27,0,0,15.9,21
9/27/13,30,0.1,0.1,10.5,21.3
9/28/13,43,0,-0.1,40.8,21.4
9/29/13,44,0.1,0.1,59.1,22.1
9/30/13,41,0,-0.1,42.5,22.2
10/1/13,44,0,0,26.2,22.1
10/2/13,46,0,0,27.4,22.7
10/3/13,36,0,0,31.2,22
10/4/13,31,0,0,28.3,22.2
10/5/13,35,0,0,11.8,22.5
10/6/13,51,0,0,24.9,22.7
10/7/13,49,0,0,26.9,22.2
10/8/13,44,0,0,20.9,23.1
10/9/13,36,0.1,0.1,18.2,22.5
10/10/13,35,0,-0.1,20.7,22.3
10/11/13,37,0,0,19.8,22.1
10/12/13,39,0,0,29.9,22.2
10/13/13,34,0,0,21.4,22.2
10/14/13,31,0,0,10.6,21.9
10/15/13,35,0,0,14.4,22.5
10/16/13,36,0,0,25.4,22.3
10/17/13,43,0,0,15.9,21.7
10/18/13,43,0,0,13.1,22.2
10/19/13,46,0,0,14.3,22.5
10/20/13,47,0,0,10.8,22
10/21/13,47,0,0,10.3,22.4
10/22/13,47,0,0,13.6,22.3
10/23/13,47,0,0,9.4,22.2
10/24/13,46,0,0,18.1,22.9
10/25/13,45,0,0,13.8,22.4
10/26/13,46,0,0,12.8,22.2
10/27/13,48,0.2,0.2,50.6,21.8
10/28/13,28,0.7,0.5,29,22.4
10/29/13,27,0.3,-0.4,30.9,21.7
10/30/13,26,0.1,-0.2,11.7,21.3
10/31/13,34,0,-0.1,10.1,20.9
11/1/13,41,0,0,18.2,20.5
11/2/13,45,0,0,40,20.6
11/3/13,36,0,0,33.5,20.7
11/4/13,24,0,0,16.9,20.3
11/5/13,27,0,0,15.5,20
11/6/13,40,0,0,17,19.7
11/7/13,45,0,0,32,20.4
11/8/13,40,0,0,30.2,19.8
11/9/13,42,0,0,23.2,20.3
11/10/13,45,0,0,23.8,20.9
11/11/13,49,0,0,31.4,20.7
11/12/13,49,0,0,23.6,20.9
11/13/13,47,0,0,12.7,20.9
11/14/13,40,0,0,27.2,21.3
11/15/13,35,0,0,23.7,21.1
11/16/13,32,0,0,32.8,21.4
11/17/13,34,0,0,16,20.9
11/18/13,44,0.3,0.3,34.5,21.4
11/19/13,33,0.5,0.2,41.8,21.3
11/20/13,33,0.3,-0.2,23.4,21.4
11/21/13,30,0,-0.3,29.2,21.6
11/22/13,19,0,0,30.4,21
11/23/13,29,0,0,27.4,21.5
11/24/13,30,0.1,0.1,13.8,21.6
11/25/13,35,0,-0.1,10.8,21.4
11/26/13,44,0,0,14.9,21.4
11/27/13,38,0,0,16.5,21.1
11/28/13,35,0,0,7.2,21.7
11/29/13,31,0,0,10,21.4
11/30/13,36,0,0,12.2,21.8
12/1/13,35,0,0,18.2,21.7
12/2/13,43,0,0,39,21.8
12/3/13,32,0,0,18.1,22.4
12/4/13,10,0.4,0.4,7.6,24.6
12/5/13,8,0,-0.4,20,27.7
12/6/13,14,0,0,45,29
12/7/13,18,1,1,43.5,29.9
12/8/13,45,0.5,-0.5,14.1,30
12/9/13,8,0,-0.5,16.4,30.2
12/10/13,35,0,0,10.2,30.2
12/11/13,28,0,0,15.9,30.3
12/12/13,38,0,0,27,30.3
12/13/13,32,0,0,21.2,30.4
12/14/13,30,0,0,7,30.6
12/15/13,46,0,0,12.3,30.4
12/16/13,44,0,0,14.3,30.4
12/17/13,48,0,0,25.2,30.2
12/18/13,45,0,0,33.6,30.4
12/19/13,30,0.1,0.1,18.6,30.5
12/20/13,17,0.1,0,19.9,30.3
12/21/13,35,0,-0.1,22.1,30.6
12/22/13,30,0,0,18.8,30.6
12/23/13,34,0.1,0.1,9.1,30.4
12/24/13,37,0,-0.1,7.7,30.6
12/25/13,33,0,0,7.7,30.6
12/26/13,39,0,0,6.9,30.3
12/27/13,45,0,0,23.1,30.5
12/28/13,39,0,0,24.1,30.5
12/29/13,29,0,0,13.2,30.4
12/30/13,44,0,0,25.5,30.4
12/31/13,41,0,0,22.7,30.3
1/1/14,37,0,0,18.9,30.5
1/2/14,42,0,0,20.7,30.5
1/3/14,43,0,0,22.7,30.5
1/4/14,40,0,0,19.3,30.3
1/5/14,31,0,0,11.3,30.3
1/6/14,38,0,0,25,30.3
1/7/14,36,0,0,32,30.4
1/8/14,32,0,0,26.7,30.4
1/9/14,33,0,0,27.4,30.4
1/10/14,36,0,0,21.4,30.6
1/11/14,41,0.7,0.7,46.7,30.6
1/12/14,25,0,-0.7,25.9,30.5
1/13/14,28,0,0,13.6,30.5
1/14/14,38,0,0,13.2,30.5
1/15/14,41,0,0,17.6,30.7
1/16/14,38,0,0,16.7,30.3
1/17/14,38,0,0,11.7,30.4
1/18/14,41,0,0,16.1,30.6
1/19/14,45,0,0,22.6,30.5
1/20/14,37,0,0,13.4,30.4
1/21/14,43,0,0,17.5,30.2
1/22/14,36,0,0,10.8,30.4
1/23/14,30,0,0,26.1,30.3
1/24/14,30,0,0,19.1,30.2
1/25/14,40,0,0,12.2,30.3
1/26/14,35,0,0,5.7,30.2
1/27/14,38,0,0,11.8,30.2
1/28/14,40,0,0,18.8,30.1
1/29/14,40,2.3,2.3,42.9,36.9
1/30/14,32,0.8,-1.5,22.8,40.5
1/31/14,23,0,-0.8,10.3,39.2
2/1/14,16,0,0,21,38.8
2/2/14,20,0,0,19.8,38.3
2/3/14,20,0,0,23.1,38
2/4/14,19,0,0,20.9,37.8
2/5/14,24,0,0,29.9,37.5
2/6/14,22,0.5,0.5,33.4,37.4
2/7/14,26,1.1,0.6,52.7,37.2
2/8/14,31,3.2,2.1,40.8,37.1
2/9/14,34,5.9,2.7,42.1,37
2/10/14,34,0.4,-5.5,39.6,37.1
2/11/14,33,0,-0.4,28.3,37
2/12/14,38,0,0,39.4,36.9
2/13/14,40,0.2,0.2,32.8,36.9
2/14/14,39,0,-0.2,47.3,37.1
2/15/14,41,0.2,0.2,49.6,37.3
2/16/14,32,0.3,0.1,44.1,37.8
2/17/14,38,0,-0.3,40.4,37.9
2/18/14,34,0,0,35.5,38
2/19/14,33,0,0,43.5,37.9
2/20/14,30,0,0,15.9,38
2/21/14,34,0,0,17.1,37.9
2/22/14,31,0,0,14.5,38
2/23/14,37,0,0,17.1,38
2/24/14,38,0,0,16.3,38
2/25/14,41,0,0,16.2,38
2/26/14,40,0.4,0.4,44,38.2
2/27/14,32,1,0.6,55.3,38.4
2/28/14,37,0.7,-0.3,41.1,38.4
3/1/14,28,0,-0.7,26.4,38.4
3/2/14,31,0,0,40.3,38.4
3/3/14,32,0.5,0.5,27.7,38.4
3/4/14,31,1,0.5,28.4,38.4
3/5/14,36,0.3,-0.7,39,38.3
3/6/14,36,0.8,0.5,42.4,38.4
3/7/14,26,0,-0.8,16.2,38.4
3/8/14,30,0,0,20.5,38.4
3/9/14,40,0,0,42.3,38.4
3/10/14,36,0.5,0.5,43.9,38.4
3/11/14,26,0,-0.5,32.6,38.4
3/12/14,26,0,0,29.5,38.4
3/13/14,30,0,0,14.7,38.4
3/14/14,38,0,0,19.1,38.4
3/15/14,36,0,0,5.3,38.4
3/16/14,44,0,0,39.3,38.4
3/17/14,35,0,0,40.7,38.3
3/18/14,26,0,0,15.3,38.6
3/19/14,28,0,0,24,38.6
3/20/14,37,0,0,22.4,38.7
3/21/14,37,0,0,22,38.7
3/22/14,34,0,0,18.3,38.8
3/23/14,34,0,0,12.3,39.1
3/24/14,37,0,0,19.3,39.4
3/25/14,41,0,0,44.7,39.8
3/26/14,28,0.8,0.8,46.1,39.5
3/27/14,25,0.5,-0.3,47,39.3
3/28/14,28,0.5,0,44.1,39.2
3/29/14,32,0,-0.5,41,39
3/30/14,25,0,0,32.1,38.9
3/31/14,25,1,1,39.9,38.8
4/1/14,18,1.2,0.2,28.5,38.8
4/2/14,22,0,-1.2,12.6,38.7
4/3/14,26,0,0,27.4,38.7
4/4/14,28,0.1,0.1,24.4,38.6
4/5/14,26,0.3,0.2,13.5,38.6
4/6/14,33,0,-0.3,15.9,38.6
4/7/14,39,0,0,19,38.5
4/8/14,44,0,0,21.7,38.5
4/9/14,44,0,0,27.5,38.6
4/10/14,43,0,0,19.7,39.6
4/11/14,46,0,0,16.6,40.1
4/12/14,45,0,0,23.1,40.2
4/13/14,41,0,0,19.7,40.2
4/14/14,37,0,0,18.4,40.2
4/15/14,43,0,0,24,40.2
4/16/14,43,0,0,16,40.2
4/17/14,43,0,0,40.6,40.2
4/18/14,41,0,0,21.1,40.3
4/19/14,42,0,0,29.9,40.2
4/20/14,40,0,0,14.7,40.1
4/21/14,43,0,0,36.3,40.2
4/22/14,33,0.6,0.6,40,40
4/23/14,26,0.1,-0.5,19.4,39.6
4/24/14,36,0.1,0,48.7,39.4
4/25/14,32,1.5,1.4,33.5,39.5
4/26/14,25,0,-1.5,39.6,39.5
4/27/14,24,0,0,29.6,39.3
4/28/14,29,0.2,0.2,17.1,39.2
4/29/14,37,0,-0.2,18.9,39.1
4/30/14,41,0,0,18.7,39.1
5/1/14,43,0,0,17.5,39.6
5/2/14,48,0,0,33.7,40.2
5/3/14,45,0,0,43.3,40.2
5/4/14,42,0,0,42.1,40.2
5/5/14,36,0,0,45.1,40.2
5/6/14,28,0.1,0.1,15.6,40.1
5/7/14,34,0,-0.1,20.3,39.9
5/8/14,36,0.3,0.3,58.1,40.1
5/9/14,35,0.2,-0.1,43.9,40.3
5/10/14,33,0.1,-0.1,25.4,40.1
5/11/14,26,0.2,0.1,26.6,39.9
5/12/14,39,0,-0.2,14.9,40.1
5/13/14,43,0,0,13.8,40
5/14/14,47,0,0,17.3,39.9
5/15/14,51,0,0,23.1,39.6
5/16/14,54,0,0,32,39.3
5/17/14,51,0,0,36.1,39.2
5/18/14,40,0,0,41.3,39
5/19/14,36,0,0,31.7,38.8
5/20/14,35,0,0,19.1,38.6
5/21/14,39,0,0,22.4,38.7
5/22/14,43,0.3,0.3,18.8,39
5/23/14,43,0,-0.3,20.2,39
5/24/14,50,0,0,18,38.9
5/25/14,49,0,0,18.5,38.9
5/26/14,56,0,0,27.9,38.9
5/27/14,51,0,0,45.5,38.8
5/28/14,43,0,0,31.5,38.7
5/29/14,39,0,0,19,38.6
5/30/14,47,0,0,24.4,38.4
5/31/14,44,0,0,25.9,38.3
6/1/14,45,0,0,22.3,38.2
6/2/14,52,0,0,24.8,38.1
6/3/14,47,0,0,20.8,38
6/4/14,48,0,0,16,37.7
6/5/14,52,0,0,19.9,37.6
6/6/14,56,0,0,16.4,37.4
6/7/14,56,0,0,22.9,37.2
6/8/14,55,0,0,16.9,36.9
6/9/14,57,0,0,31.2,36.6
6/10/14,60,0,0,19.3,36.3
6/11/14,55,0,0,24.9,35.8
6/12/14,54,0,0,47.5,35.4
6/13/14,46,0,0,33.9,34.8
6/14/14,43,0,0,23.6,34.3
6/15/14,46,0,0,30.4,33.8
6/16/14,44,0,0,47.8,33.7
6/17/14,38,0,0,25,33.3
6/18/14,39,0,0,22.8,32.8
6/19/14,47,0.1,0.1,26.4,32.5
6/20/14,53,0,-0.1,23.1,32.2
6/21/14,52,0,0,32.3,31.6
6/22/14,49,0,0,21.5,30.9
6/23/14,53,0,0,21.4,30.1
6/24/14,54,0,0,29,30
6/25/14,50,0,0,45.4,29.4
6/26/14,45,0,0,33.1,29
6/27/14,45,0,0,28.8,28.3
6/28/14,50,0,0,24.1,28.4
6/29/14,56,0,0,23.5,28.3
6/30/14,57,0.2,0.2,16.4,27.4
7/1/14,64,0,-0.2,22.2,27.1
7/2/14,62,0,0,23.4,26.7
7/3/14,59,0,0,21,26.5
7/4/14,59,0,0,30.1,26.3
7/5/14,58,0,0,23.6,26.4
7/6/14,62,0,0,20.7,26.3
7/7/14,62,0,0,16.4,25.3
7/8/14,64,0,0,17.6,25.8
7/9/14,60,0,0,24.6,25.8
7/10/14,58,0,0,19,25.1
7/11/14,56,0,0,20.8,24.8
7/12/14,56,0,0,17.9,24.6
7/13/14,62,0,0,23.7,24.5
7/14/14,67,0,0,22.2,24.9
7/15/14,64,0,0,25,24.4
7/16/14,62,0,0,18.7,24
7/17/14,63,0,0,12.5,23.8
7/18/14,64,0,0,17.1,23.6
7/19/14,62,0,0,18.4,23.7
7/20/14,62,0.1,0.1,30.7,23.7
7/21/14,51,0.1,0,30.3,23
7/22/14,52,0.1,0,23.1,23.1
7/23/14,52,0,-0.1,37.2,23.3
7/24/14,52,0,0,19,23.1
7/25/14,60,0,0,27,22.9
7/26/14,59,0,0,22.7,22.4
7/27/14,64,0,0,17.2,23.4
7/28/14,62,0,0,20.3,23.5
7/29/14,58,0,0,15.9,23.4
7/30/14,58,0,0,24.1,23.2
7/31/14,57,0,0,16,23.1
8/1/14,61,0.1,0.1,21.4,22.4
8/2/14,60,0.1,0,25.5,22
8/3/14,61,0.1,0,22,22.7
8/4/14,57,0.1,0,14.4,22.4
8/5/14,45,0.1,0,12.7,22.2
8/6/14,49,0,-0.1,18.1,21.3
8/7/14,52,0,0,17.4,22.1
8/8/14,55,0,0,23.4,22.3
8/9/14,57,0,0,19.9,21.9
8/10/14,55,0.1,0.1,13.3,22.6
8/11/14,56,0.1,0,13.8,22.3
8/12/14,55,0,-0.1,31.6,21.6
8/13/14,53,0,0,34.4,22
8/14/14,48,0,0,29.5,21.5
8/15/14,52,0,0,19.6,22.4
8/16/14,57,0,0,24.3,21.9
8/17/14,57,0,0,27.3,22
8/18/14,56,0,0,21.3,22.7
8/19/14,57,0,0,23.6,22.2
8/20/14,57,0,0,25.5,22.5
8/21/14,52,0,0,23.5,22.4
8/22/14,53,0,0,33.5,22.7
8/23/14,49,0,0,17,22.6
8/24/14,53,0,0,22.5,22.3
8/25/14,52,0,0,23.1,21.8
8/26/14,47,0,0,12.3,22
8/27/14,54,0,0,15.5,21.9
8/28/14,57,0,0,19.3,22.3
8/29/14,56,0,0,21.8,22.5
8/30/14,57,0,0,32.5,22.2
8/31/14,53,0,0,22.6,21.6
9/1/14,53,0,0,15.6,21.5
9/2/14,58,0,0,25.2,22.2
9/3/14,57,0,0,18.8,21.6
9/4/14,53,0,0,17.9,22.1
9/5/14,52,0,0,18.2,22.2
9/6/14,58,0,0,23.9,20.8
9/7/14,57,0,0,22.6,22.1
9/8/14,56,0,0,34.3,21.4
9/9/14,49,0,0,20.4,21.3
9/10/14,52,0,0,15.8,21.1
9/11/14,55,0,0,16.7,20.7
9/12/14,57,0,0,27.2,21
9/13/14,58,0,0,24.5,21.2
9/14/14,56,0,0,30.7,20.9
9/15/14,58,0,0,29.2,21.2
9/16/14,57,0,0,27.6,20.9
9/17/14,57,0,0,38.7,20.6
9/18/14,52,0,0,28.3,20.9
9/19/14,45,0,0,17.9,19.8
9/20/14,55,0,0,17.7,19.7
9/21/14,53,0,0,15.2,21
9/22/14,51,0,0,18.5,20
9/23/14,52,0,0,23.7,20.3
9/24/14,52,0,0,30.9,19.6
9/25/14,49,0.1,0.1,35,19.6
9/26/14,40,0.9,0.8,24,19
9/27/14,34,1.1,0.2,14.6,18.8
9/28/14,36,0.1,-1,12.9,18.5
9/29/14,38,0,-0.1,16.4,18.2
9/30/14,46,0.1,0.1,23.8,18.6
10/1/14,39,0,-0.1,15,18.6
10/2/14,43,0,0,8.4,18.3
10/3/14,49,0.1,0.1,7.2,18.8
10/4/14,56,0,-0.1,10,19.3
10/5/14,53,0,0,10.2,19.8
10/6/14,54,0,0,15.6,20.2
10/7/14,56,0,0,19.1,20.1
10/8/14,55,0,0,16.8,20.1
10/9/14,49,0,0,18,20.1
10/10/14,47,0,0,15.2,20.1
10/11/14,47,0,0,21,20.5
10/12/14,47,0,0,14,20.6
10/13/14,48,0,0,25.3,20.1
10/14/14,51,0.5,0.5,36.5,20.6
10/15/14,40,0,-0.5,47.6,20.3
10/16/14,39,0,0,23.7,20
10/17/14,44,0.1,0.1,23.8,20.1
10/18/14,45,0,-0.1,14.2,19.9
10/19/14,48,0.1,0.1,24.2,19.6
10/20/14,46,0.1,0,35.4,19.7
10/21/14,31,0,-0.1,30.1,20
10/22/14,41,0,0,28.3,20
10/23/14,44,0,0,39.6,19.2
10/24/14,46,0,0,34.7,19.1
10/25/14,46,0.5,0.5,42.3,19.5
10/26/14,33,0,-0.5,39.9,19.2
10/27/14,32,0.1,0.1,14.4,18.8
10/28/14,44,0,-0.1,14.4,19
10/29/14,46,0,0,13.7,19.5
10/30/14,50,0.1,0.1,27.7,19.3
10/31/14,43,0,-0.1,35.8,19.8
11/1/14,31,0.5,0.5,29.1,19.4
11/2/14,26,0,-0.5,14.4,19.2
11/3/14,26,0,0,11.3,19
11/4/14,37,0,0,12.5,18.7
11/5/14,42,0,0,14.6,18.7
11/6/14,49,0,0,30.7,19.7
11/7/14,46,0,0,29.2,27.1
11/8/14,46,0,0,12.4,30.4
11/9/14,53,0,0,24.1,31.4
11/10/14,48,0,0,23.5,32
11/11/14,44,0,0,27.2,32
11/12/14,42,0.1,0.1,28.7,32
11/13/14,34,0.2,0.1,33.8,31.8
11/14/14,33,0,-0.2,25.9,32.6
11/15/14,33,0,0,29.1,33.6
11/16/14,22,0.2,0.2,20,33.8
11/17/14,34,0.2,0,5.2,33.7
11/18/14,35,0,-0.2,25.4,33.8
11/19/14,39,0.3,0.3,38.3,33.6
11/20/14,34,0.1,-0.2,26.6,33.5
11/21/14,28,0.3,0.2,27.4,33.6
11/22/14,34,1.4,1.1,48,33.7
11/23/14,26,0,-1.4,17.5,38.7
11/24/14,28,0,0,14.9,37.5
11/25/14,41,0,0,18.6,37
11/26/14,51,0,0,31.4,38.2
11/27/14,47,0,0,40.9,38.4
11/28/14,44,0.2,0.2,47.8,38
11/29/14,28,1,0.8,35.3,37.5
11/30/14,33,1.1,0.1,32.8,37.3
12/1/14,33,0.3,-0.8,23.9,37.2
12/2/14,36,1.8,1.5,38.8,37.1
12/3/14,36,1.1,-0.7,47.9,37.2
12/4/14,35,1.1,0,48.3,37.5
12/5/14,35,0.3,-0.8,33.1,38.5
12/6/14,34,0.1,-0.2,33.3,38.8
12/7/14,38,0,-0.1,31.4,39.2
12/8/14,35,0,0,20.9,39
12/9/14,41,0,0,27.2,38.9
12/10/14,44,0,0,47.3,39
12/11/14,40,0.3,0.3,57,39
12/12/14,32,0.6,0.3,40.5,39
12/13/14,25,0.2,-0.4,10.5,38.8
12/14/14,28,0,-0.2,28.8,38.8
12/15/14,32,0.3,0.3,35.1,38.8
12/16/14,28,0.5,0.2,27.3,38.7
12/17/14,27,0.2,-0.3,25.1,38.6
12/18/14,25,0,-0.2,31.6,38.5
12/19/14,31,1.1,1.1,44.3,38.4
12/20/14,30,0.4,-0.7,45.8,38.4
12/21/14,36,0,-0.4,30.2,38.3
12/22/14,36,0,0,12.9,38.5
12/23/14,38,0.1,0.1,19.9,38.6
12/24/14,44,0.3,0.2,48,38.7
12/25/14,18,0,-0.3,25.3,38.7
12/26/14,17,0,0,21.3,38.7
12/27/14,22,0,0,20,38.7
12/28/14,33,0,0,28.7,38.6
12/29/14,25,0,0,31.9,38.4
12/30/14,17,0,0,31.2,38.2
12/31/14,6,0,0,28.3,38.2
1/1/15,18,0,0,17.7,38
1/2/15,30,0,0,6.7,37.9
1/3/15,33,0,0,17.5,37.7
1/4/15,37,0,0,20.6,37.7
1/5/15,39,0,0,8.9,37.6
1/6/15,45,0,0,17.6,37.3
1/7/15,44,0,0,13.4,37.4
1/8/15,42,0,0,15.2,37.5
1/9/15,41,0,0,13.6,37.4
1/10/15,40,0,0,14.9,37.5
1/11/15,37,0,0,19.7,37.6
1/12/15,34,0,0,20.7,37.7
1/13/15,27,0,0,14.5,37.7
1/14/15,31,0,0,16.8,38
1/15/15,36,0,0,22.2,37.9
1/16/15,38,0.2,0.2,40.3,38
1/17/15,38,0,-0.2,31.4,38
1/18/15,39,0,0,31.6,38.7
1/19/15,38,0,0,20.4,39.4
1/20/15,36,0,0,11.7,39.5
1/21/15,27,0,0,15.1,39.3
1/22/15,31,0,0,18.8,39.3
1/23/15,32,0,0,21.7,39.1
1/24/15,33,0,0,26.3,38.9
1/25/15,41,0,0,16.2,38.7
1/26/15,42,0,0,18.3,38.9
1/27/15,39,0.1,0.1,24.6,39.1
1/28/15,31,0,-0.1,11.9,39.2
1/29/15,32,0,0,6.9,39.1
1/30/15,34,0,0,22.8,39
1/31/15,27,0,0,20.7,38.8
2/1/15,38,0,0,19.8,38.8
2/2/15,42,0,0,24.3,38.6
2/3/15,38,0,0,27.1,38.8
2/4/15,40,0,0,30.1,39.2
2/5/15,42,0,0,44.6,39.2
2/6/15,40,1.2,1.2,59.9,39.1
2/7/15,36,2.4,1.2,60.3,39.2
2/8/15,36,2.4,0,68,39.3
2/9/15,31,1.2,-1.2,46.6,39.8
2/10/15,27,0,-1.2,7.6,39.5
2/11/15,32,0,0,6.9,39.2
2/12/15,49,0,0,5.6,39.1
2/13/15,50,0,0,20,39
2/14/15,49,0,0,18.8,39.5
2/15/15,43,0,0,14.6,39.5
2/16/15,48,0,0,19.5,39.5
2/17/15,41,0,0,15.4,39.5
2/18/15,46,0,0,13,39.6
2/19/15,43,0,0,14.3,39.6
2/20/15,42,0,0,12.9,39.6
2/21/15,35,0,0,19.5,39.6
2/22/15,26,0.1,0.1,26.1,39.6
2/23/15,17,0,-0.1,23.2,39.3
2/24/15,23,0,0,16.3,38.9
2/25/15,40,0,0,11.8,38.7
2/26/15,39,0,0,19,39
2/27/15,32,0.4,0.4,29.4,39.6
2/28/15,26,1.1,0.7,19.8,39.2
3/1/15,25,0,-1.1,17.8,38.9
3/2/15,27,0.2,0.2,21,38.8
3/3/15,25,0,-0.2,15.2,38.6
3/4/15,23,0,0,12.4,38.5
3/5/15,29,0,0,10.5,38.3
3/6/15,35,0,0,13.9,38.2
3/7/15,36,0,0,6.2,38.3
3/8/15,39,0,0,8.2,38.9
3/9/15,41,0,0,8.8,39.5
3/10/15,40,0,0,26.7,39.7
3/11/15,42,0.4,0.4,32.8,39.6
3/12/15,34,0,-0.4,16.5,39.5
3/13/15,38,0,0,19.8,39.8
3/14/15,46,0,0,23.8,40
3/15/15,46,0,0,43.6,40.2
3/16/15,44,0,0,29.2,40
3/17/15,39,0,0,27.9,40
3/18/15,35,0,0,12.4,40
3/19/15,38,0,0,14.7,40
3/20/15,46,0,0,37,39.9
3/21/15,37,0,0,28.3,39.8
3/22/15,35,0.3,0.3,43.6,39.5
3/23/15,30,0.4,0.1,40.4,39.4
3/24/15,29,0,-0.4,25,39.2
3/25/15,32,0,0,13.3,39
3/26/15,40,0,0,14.3,39.5
3/27/15,46,0,0,32.4,39.9
3/28/15,43,0,0,32.8,39.8
3/29/15,42,0,0,15.6,39.5
3/30/15,46,0,0,25.5,39.3
3/31/15,43,0,0,42.1,39.1
4/1/15,27,0,0,24.4,38.8
4/2/15,24,0,0,17.1,38.6
4/3/15,29,0,0,23.7,38.6
4/4/15,33,0,0,41.6,38.4
4/5/15,29,0.8,0.8,43.2,38.3
4/6/15,20,0.1,-0.7,31,38.1
4/7/15,24,0.4,0.3,37.7,37.9
4/8/15,21,0,-0.4,21.9,37.7
4/9/15,29,0,0,16.6,37.7
4/10/15,33,0,0,25.5,38.7
4/11/15,35,0,0,25.1,39.7
4/12/15,35,0,0,15.6,39.8
4/13/15,44,0,0,45,39.5
4/14/15,28,0.1,0.1,39.8,39.2
4/15/15,24,0,-0.1,32.2,39.6
4/16/15,29,0.1,0.1,20,39.3
4/17/15,38,0,-0.1,15.4,39
4/18/15,45,0,0,12.9,38.9
4/19/15,45,0,0,21.5,38.8
4/20/15,44,0,0,21.4,38.6
4/21/15,47,0,0,17.3,38.6
4/22/15,43,0.1,0.1,22.6,38.5
4/23/15,39,0.4,0.3,28.1,38.3
4/24/15,34,0.5,0.1,41.8,38.1
4/25/15,30,1,0.5,29.1,39.3
4/26/15,30,0,-1,20,39.5
4/27/15,37,0,0,21.1,40
4/28/15,41,0,0,30.4,39.9
4/29/15,45,0,0,26.6,39.5
4/30/15,42,0,0,15.8,39.3
5/1/15,45,0,0,18.8,39.1
5/2/15,48,0,0,22.3,38.9
5/3/15,45,0,0,21.2,38.9
5/4/15,45,0,0,20.4,38.6
5/5/15,40,0,0,21.6,38.4
5/6/15,40,0.1,0.1,25.7,38.4
5/7/15,32,0.8,0.7,28,38.2
5/8/15,33,0,-0.8,25.2,37.9
5/9/15,37,0,0,16.3,39.2
5/10/15,43,0,0,20.5,39.2
5/11/15,41,0,0,36,39
5/12/15,37,0,0,47.1,38.7
5/13/15,35,0,0,27.7,38.6
5/14/15,30,0,0,22.4,38.4
5/15/15,31,0.4,0.4,26.4,38.3
5/16/15,33,0,-0.4,15.7,38
5/17/15,36,0.1,0.1,25.1,38.7
5/18/15,34,0,-0.1,19.5,39.8
5/19/15,34,0,0,19,39.7
5/20/15,36,0.7,0.7,17.3,39.4
5/21/15,36,0,-0.7,18.6,39.8
5/22/15,37,0.4,0.4,20.6,39.5
5/23/15,39,0.3,-0.1,15.4,40.1
5/24/15,40,0.5,0.2,21.5,39.9
5/25/15,46,0,-0.5,19.8,40.1
5/26/15,45,0,0,23.1,39.8
5/27/15,44,0,0,20,39.5
5/28/15,46,0,0,19.8,39.3
5/29/15,52,0,0,19.8,39.1
5/30/15,54,0,0,26.3,38.9
5/31/15,55,0,0,26.5,38.9
6/1/15,46,0,0,34.6,38.8
6/2/15,40,0,0,24.7,38.5
6/3/15,46,0,0,24.3,38.5
6/4/15,44,0.2,0.2,15.3,38.4
6/5/15,41,0,-0.2,15.5,38.1
6/6/15,45,0.1,0.1,17.5,38.2
6/7/15,49,0,-0.1,12.3,38.1
6/8/15,54,0,0,17.6,38
6/9/15,57,0.1,0.1,29.2,38
6/10/15,47,0.8,0.7,14.4,37.9
6/11/15,48,0,-0.8,14.9,39.4
6/12/15,56,0,0,15.2,39.3
6/13/15,60,0,0,24.3,39
6/14/15,56,0,0,31.7,38.8
6/15/15,56,0,0,29.5,38.6
6/16/15,54,0,0,21.1,38.3
6/17/15,55,0,0,20.7,38.1
6/18/15,57,0,0,34.5,37.9
6/19/15,54,0,0,28.2,37.3
6/20/15,57,0,0,26.4,37
6/21/15,55,0,0,40.6,36.5
6/22/15,51,0,0,25.1,36
6/23/15,54,0,0,19.1,35.5
6/24/15,59,0,0,17.2,34.9
6/25/15,62,0,0,20.4,34.3
6/26/15,65,0,0,15,33.8
6/27/15,63,0,0,22.5,32.7
6/28/15,59,0,0,20,32.1
6/29/15,59,0,0,17.6,31
6/30/15,62,0,0,21,30.4
7/1/15,63,0,0,21.5,29.8
7/2/15,59,0,0,24.1,29.4
7/3/15,56,0,0,17.4,28.9
7/4/15,59,0,0,10.6,28.4
7/5/15,52,0,0,17.7,28.6
7/6/15,57,0,0,19.1,28.1
7/7/15,55,0.1,0.1,21.1,27.2
7/8/15,49,0,-0.1,30.5,27.2
7/9/15,46,0.6,0.6,19.9,26.9
7/10/15,44,0,-0.6,20.1,26.1
7/11/15,46,0,0,21,27.4
7/12/15,51,0,0,24.1,27.7
7/13/15,49,0,0,22,27.9
7/14/15,54,0,0,20.5,27.7
7/15/15,49,0,0,17.1,27.5
7/16/15,55,0,0,19.7,27.3
7/17/15,56,0,0,22.9,27.5
7/18/15,56,0,0,22.2,26.8
7/19/15,54,0,0,18.8,27.3
7/20/15,57,0,0,20,26.5
7/21/15,56,0.8,0.8,16.6,26.6
7/22/15,53,0,-0.8,29.8,27.1
7/23/15,51,0,0,27.7,31.3
7/24/15,51,0,0,21.5,31.5
7/25/15,52,0,0,21.7,31.2
7/26/15,51,0,0,28.3,30.6
7/27/15,49,0,0,14.1,30
7/28/15,53,0,0,18.8,29.1
7/29/15,57,0,0,19.5,28.6
7/30/15,62,0,0,14.3,28.2
7/31/15,63,0,0,17.1,27.4
8/1/15,64,0,0,15,26.9
8/2/15,58,0,0,18,26.4
8/3/15,55,0,0,21,26.1
8/4/15,53,0,0,20,25.8
8/5/15,51,0,0,23.3,25.8
8/6/15,54,0,0,18.6,25.3
8/7/15,55,0.3,0.3,24.1,24.8
8/8/15,47,0,-0.3,17,24.8
8/9/15,54,0,0,21.9,24.6
8/10/15,59,0,0,29.7,24.9
8/11/15,51,0,0,23.5,24.8
8/12/15,54,0,0,27.8,25.1
8/13/15,59,0,0,25.8,24
8/14/15,57,0,0,36.7,25
8/15/15,57,0,0,21.5,24.7
8/16/15,61,0,0,22.8,24.6
8/17/15,62,0,0,18.7,24.1
8/18/15,61,0,0,19.2,24.1
8/19/15,63,0,0,21.6,24.3
8/20/15,60,0,0,19.9,23.3
8/21/15,59,0,0,24.2,23.2
8/22/15,58,0,0,17.9,22.9
8/23/15,60,0,0,27,24.1
8/24/15,58,0.1,0.1,22.9,22.7
8/25/15,59,0,-0.1,24.1,23.1
8/26/15,56,0,0,27.9,22.5
8/27/15,57,0,0,23.6,23.1
8/28/15,58,0,0,29.7,22.8
8/29/15,54,0,0,45.1,23.1
8/30/15,48,0,0,27.7,22.1
8/31/15,50,0,0,19.9,22.2
9/1/15,54,0,0,25.7,22.3
9/2/15,52,0,0,34.5,22.3
9/3/15,48,0,0,35.5,21.9
9/4/15,44,0,0,43.9,22.2
9/5/15,39,0,0,22,21
9/6/15,42,0,0,21.4,21
9/7/15,52,0,0,16.6,20.8
9/8/15,53,0,0,19.3,21.8
9/9/15,59,0,0,20.7,21
9/10/15,59,0,0,16.5,21
9/11/15,62,0,0,13.3,21.7
9/12/15,63,0,0,17.7,21
9/13/15,63,0,0,23.4,21.8
9/14/15,54,0.1,0.1,40.7,21.8
9/15/15,44,0.1,0,43.8,20.8
9/16/15,37,0.1,0,32.9,20.1
9/17/15,35,0,-0.1,24.6,19.9
9/18/15,43,0,0,18.2,19.8
9/19/15,50,0,0,16.1,19.9
9/20/15,56,0,0,25.7,20.7
9/21/15,58,0,0,21.9,20.1
9/22/15,55,0,0,33.2,20.6
9/23/15,52,0,0,19.3,20.9
9/24/15,55,0,0,22.7,20.2
9/25/15,59,0,0,34.8,20.6
9/26/15,55,0,0,28.3,20.4
9/27/15,54,0,0,27.4,20.3
9/28/15,53,0,0,21.1,20.9
9/29/15,54,0,0,22.2,21
9/30/15,52,0.2,0.2,24.9,20.3
10/1/15,47,1.3,1.1,23.6,19.9
10/2/15,40,0,-1.3,18.9,24.3
10/3/15,47,0.3,0.3,29.5,26.2
10/4/15,39,0,-0.3,22.9,26.3
10/5/15,43,0,0,12.8,26.8
10/6/15,46,0,0,12.3,26.9
10/7/15,49,0,0,10,27.3
10/8/15,53,0,0,16.8,27
10/9/15,60,0,0,19.3,27
10/10/15,60,0,0,37.6,27.5
10/11/15,51,0,0,21.6,26.9
10/12/15,54,0,0,14.7,26.5
10/13/15,57,0,0,16.6,26.4
10/14/15,56,0,0,12.6,25.9
10/15/15,57,0.1,0.1,18,25.2
10/16/15,51,0,-0.1,13.6,25.1
10/17/15,47,1.7,1.7,30.9,24.7
10/18/15,43,0.2,-1.5,27,34
10/19/15,36,0,-0.2,19,36
10/20/15,36,0,0,21.7,35.5
10/21/15,38,0,0,17.6,35.2
10/22/15,39,0,0,16.2,35
10/23/15,42,0,0,17.3,34.7
10/24/15,47,0,0,28,34.5
10/25/15,47,0,0,40.8,34.2
10/26/15,44,0,0,23.7,34.1
10/27/15,47,0,0,28,33.9
10/28/15,40,0.3,0.3,20.2,33.4
10/29/15,34,0,-0.3,15.2,33.1
10/30/15,35,0,0,17.1,33.2
10/31/15,48,0.2,0.2,45,33.2
11/1/15,44,1,0.8,41.5,33.2
11/2/15,40,1.6,0.6,35.2,36.2
11/3/15,27,0,-1.6,16.5,37.5
11/4/15,23,0,0,17.6,37.1
11/5/15,22,0.1,0.1,18.5,36.9
11/6/15,29,0,-0.1,10.1,36.6
11/7/15,40,0,0,25.8,36.5
11/8/15,38,0.3,0.3,35.7,37.7
11/9/15,28,0.6,0.3,35.2,36.9
11/10/15,23,0,-0.6,15.9,36.9
11/11/15,25,0,0,14.3,36.6
11/12/15,31,0,0,10,36.7
11/13/15,35,0,0,14.6,36.7
11/14/15,44,0,0,31,37.2
11/15/15,35,0.7,0.7,38.8,37.4
11/16/15,17,0,-0.7,28.7,37.3
11/17/15,26,0,0,19.4,37.2
11/18/15,41,0,0,27.9,37
11/19/15,39,0,0,16.9,36.9
11/20/15,39,0,0,16.3,37
11/21/15,35,0,0,16.2,37
11/22/15,40,0,0,24.3,37.2
11/23/15,43,0,0,31.4,37.2
11/24/15,35,0.8,0.8,65,37.3
11/25/15,18,0.3,-0.5,23.6,37.3
11/26/15,11,0.2,-0.1,0.4,37.2
11/27/15,15,0,-0.2,0.4,37.1
11/28/15,13,0,0,5,37.1
11/29/15,17,0,0,12.8,37.1
11/30/15,30,0,0,23.3,36.9
12/1/15,30,0,0,25.3,36.9
12/2/15,36,0,0,24.6,36.8
12/3/15,41,0.9,0.9,44.9,36.8
12/4/15,26,0.4,-0.5,31.4,36.9
12/5/15,25,0,-0.4,34.5,37
12/6/15,36,0,0,46.5,37.1
12/7/15,36,0,0,31.7,37.1
12/8/15,39,0,0,36,37.2
12/9/15,44,0.3,0.3,41.4,37.2
12/10/15,37,2.1,1.8,56.2,37.4
12/11/15,24,1.3,-0.8,28,37.7
12/12/15,22,0,-1.3,25.7,37.8
12/13/15,30,1,1,45.5,37.7
12/14/15,18,0.2,-0.8,20.3,37.8
12/15/15,11,0,-0.2,21,37.8
12/16/15,17,0.2,0.2,17.8,37.7
12/17/15,30,0,-0.2,24.5,37.7
12/18/15,30,0,0,37.7,37.7
12/19/15,27,0.4,0.4,36,37.7
12/20/15,19,0,-0.4,39.2,37.7
12/21/15,30,3.6,3.6,57.3,37.7
12/22/15,33,1.1,-2.5,54.3,37.7
12/23/15,28,0,-1.1,38.3,37.8
12/24/15,17,0,0,47.6,37.7
12/25/15,13,0.9,0.9,23.2,37.7
12/26/15,11,0,-0.9,21.7,37.8
12/27/15,33,0,0,36,37.8
12/28/15,20,0.2,0.2,24.8,37.7
12/29/15,17,0,-0.2,18.6,37.8
12/30/15,22,0,0,25.4,37.7
12/31/15,18,0,0,11.2,37.7
1/1/16,12,0,0,22,37.6
1/2/16,21,0,0,31.6,37.6
1/3/16,33,0,0,29.9,37.5
1/4/16,35,0,0,28.4,37.5
1/5/16,29,0.5,0.5,38.6,37.5
1/6/16,24,0.1,-0.4,35.1,37.4
1/7/16,24,0.7,0.6,21.8,37.3
1/8/16,19,0,-0.7,15.8,37.4
1/9/16,25,0.1,0.1,24,37.4
1/10/16,26,0.1,0,6.9,37.5
1/11/16,24,0,-0.1,21.1,37.5
1/12/16,32,0,0,32.5,37.5
1/13/16,30,1,1,56.7,37.5
1/14/16,24,1.4,0.4,50.8,37.5
1/15/16,28,0.3,-1.1,45.8,37.5
1/16/16,27,0.8,0.5,42.3,37.5
1/17/16,31,0.6,-0.2,39.9,37.5
1/18/16,31,0.6,0,25.9,37.5
1/19/16,30,1.3,0.7,43.8,37.5
1/20/16,29,0,-1.3,39.2,37.5
1/21/16,38,0,0,34.8,37.5
1/22/16,35,0.1,0.1,44.9,37.6
1/23/16,33,1.5,1.4,44.2,37.6
1/24/16,26,0.1,-1.4,21.1,37.6
1/25/16,29,0,-0.1,13.2,37.7
1/26/16,27,0,0,14.2,37.7
1/27/16,37,0,0,21.2,37.7
1/28/16,41,0.1,0.1,35.9,37.7
1/29/16,37,4.6,4.5,60,37.8
1/30/16,34,0.4,-4.2,43.5,39.8
1/31/16,23,0.6,0.2,30.9,39
2/1/16,14,0,-0.6,26.1,38.8
2/2/16,17,0,0,25.4,38.7
2/3/16,17,0,0,31.6,38.6
2/4/16,26,0,0,21.3,38.6
2/5/16,27,0,0,21.9,38.5
2/6/16,36,0,0,13.8,38.5
2/7/16,35,0,0,23.9,38.4
2/8/16,34,0,0,17.4,38.5
2/9/16,41,0,0,19.5,38.4
2/10/16,47,0,0,16.9,38.4
2/11/16,43,0,0,29.6,38.4
2/12/16,43,0,0,19.2,38.5
2/13/16,40,0,0,18,38.5
2/14/16,40,0,0,25.9,38.5
2/15/16,37,0,0,11.2,38.5
2/16/16,46,0,0,29,38.6
2/17/16,48,0.5,0.5,59.5,38.6
2/18/16,25,1.2,0.7,49.7,38.7
2/19/16,27,0.2,-1,44,38.7
2/20/16,30,0,-0.2,28.8,38.7
2/21/16,35,0,0,24.9,38.6
2/22/16,31,0,0,13.1,38.6
2/23/16,38,0,0,20.2,38.6
2/24/16,41,0,0,26.8,38.5
2/25/16,40,0,0,15.2,38.6
2/26/16,45,0,0,43.4,38.6
2/27/16,36,0,0,33.1,38.7
2/28/16,38,0,0,26,38.7
2/29/16,37,0,0,21.5,38.7
3/1/16,40,0,0,39.4,38.7
3/2/16,38,0,0,37.1,38.8
3/3/16,38,0,0,41.4,38.9
3/4/16,37,1.2,1.2,32.7,39
3/5/16,32,1.2,0,46.1,39.1
3/6/16,31,1.8,0.6,42.9,39.2
3/7/16,26,0.2,-1.6,42.2,39.1
3/8/16,25,0.2,0,32.7,39
3/9/16,30,0.9,0.7,51.3,38.9
3/10/16,35,0,-0.9,51,38.9
3/11/16,35,0.1,0.1,49.8,39
3/12/16,25,1.3,1.2,43.9,38.9
3/13/16,29,3.3,2,49.3,38.8
3/14/16,33,0,-3.3,54.7,38.7
3/15/16,32,0,0,17.4,38.7
3/16/16,31,0,0,10.3,38.7
3/17/16,37,0,0,12.3,38.7
3/18/16,42,0,0,17.1,38.5
3/19/16,42,0.1,0.1,26.5,38.7
3/20/16,40,1.3,1.2,34.6,38.8
3/21/16,35,0.6,-0.7,41.3,38.8
3/22/16,24,0.4,-0.2,38.7,38.8
3/23/16,23,0.1,-0.3,15.4,38.8
3/24/16,35,0,-0.1,21.4,38.7
3/25/16,36,0,0,16.8,38.7
3/26/16,33,0,0,20.6,38.7
3/27/16,37,0,0,38.3,38.6
3/28/16,30,0.9,0.9,35.6,38.6
3/29/16,21,0,-0.9,17.5,38.7
3/30/16,26,0,0,15.1,38.7
3/31/16,31,0,0,11.9,38.8
4/1/16,41,0,0,13.5,38.8
4/2/16,42,0,0,21.7,38.9
4/3/16,42,0,0,23.3,39.1
4/4/16,39,0,0,26.6,39.1
4/5/16,39,0,0,12.1,39.2
4/6/16,40,0,0,12.4,39.3
4/7/16,48,0,0,16.2,39.3
4/8/16,49,0.1,0.1,21.9,39.3
4/9/16,41,0.5,0.4,21.7,39.4
4/10/16,36,0.3,-0.2,12.5,39.5
4/11/16,37,0.1,-0.2,14,39.5
4/12/16,38,0,-0.1,28.2,39.5
4/13/16,36,0,0,46.2,39.5
4/14/16,30,0.3,0.3,39.9,39.4
4/15/16,26,0,-0.3,25.3,39.3
4/16/16,32,0,0,19.7,39.2
4/17/16,40,0,0,17.5,39.1
4/18/16,43,0,0,16.8,39.5
4/19/16,46,0,0,17,39.5
4/20/16,46,0,0,26.1,39.6
4/21/16,42,0,0,35,39.6
4/22/16,39,1.1,1.1,40.1,39.6
4/23/16,26,0.4,-0.7,21.4,39.5
4/24/16,37,0.1,-0.3,25.8,39.2
4/25/16,28,0,-0.1,18.2,39.1
4/26/16,29,0.1,0.1,23.5,38.9
4/27/16,29,0.1,0,19.9,38.8
4/28/16,31,0,-0.1,19.6,38.7
4/29/16,35,0.3,0.3,29.2,38.7
4/30/16,28,0,-0.3,28.1,38.7
5/1/16,38,0,0,19.1,38.9
5/2/16,40,0.1,0.1,14.4,39.2
5/3/16,40,0,-0.1,18.8,39.5
5/4/16,47,0.1,0.1,24.8,39.6
5/5/16,44,0.2,0.1,16.1,39.6
5/6/16,33,0.3,0.1,13.4,39.6
5/7/16,37,0.2,-0.1,16.7,39.7
5/8/16,38,0,-0.2,21.2,39.7
5/9/16,43,0,0,22.4,39.8
5/10/16,41,0,0,10.1,39.8
5/11/16,40,0,0,14.2,39.8
5/12/16,50,0,0,22.2,39.8
5/13/16,52,0,0,31.8,39.9
5/14/16,46,0,0,37,40
5/15/16,35,0.2,0.2,19.5,39.9
5/16/16,39,0,-0.2,17.6,39.9
5/17/16,38,0,0,21.1,39.8
5/18/16,47,0,0,19.3,39.6
5/19/16,48,0,0,55.6,39.5
5/20/16,37,0.4,0.4,36.2,39.2
5/21/16,26,0.2,-0.2,27.8,39
5/22/16,29,0,-0.2,22.5,39
5/23/16,33,0.1,0.1,20,39.4
5/24/16,34,0.1,0,14.3,39.8
5/25/16,34,0,-0.1,21.4,39.7
5/26/16,39,0,0,18.8,39.5
5/27/16,43,0,0,21.5,39.3
5/28/16,43,0,0,17.1,39.2
5/29/16,47,0,0,17.4,39
5/30/16,47,0,0,16.8,39
5/31/16,51,0,0,17.1,38.9
6/1/16,54,0,0,26.3,38.9
6/2/16,50,0,0,24.6,38.7
6/3/16,52,0,0,14.5,38.8
6/4/16,56,0,0,21.8,38.6
6/5/16,57,0,0,14.8,38.5
6/6/16,49,0,0,16,38.4
6/7/16,56,0,0,25.8,38.2
6/8/16,57,0,0,39.9,38.2
6/9/16,51,0,0,40.8,38
6/10/16,46,0,0,46.2,37.9
6/11/16,47,0,0,16.8,37.7
6/12/16,47,0,0,20.8,37.5
6/13/16,48,0,0,37.2,37.3
6/14/16,44,0,0,38.4,37.3
6/15/16,40,0,0,42.6,37
6/16/16,31,0.1,0.1,32.4,36.8
6/17/16,38,0,-0.1,36.4,36.7
6/18/16,46,0,0,37,36.7
6/19/16,48,0,0,21,36.6
6/20/16,56,0,0,34.6,36.5
6/21/16,59,0,0,25.8,36.3
6/22/16,57,0,0,27.8,36
6/23/16,55,0,0,28.6,35.4
6/24/16,51,0,0,27.9,35.1
6/25/16,51,0,0,15.2,34.8
6/26/16,57,0,0,16.1,34.1
6/27/16,56,0,0,19.5,33.5
6/28/16,62,0,0,18.3,33.2
6/29/16,62,0,0,22.3,32.3
6/30/16,56,0.1,0.1,23.6,31.2
7/1/16,58,0,-0.1,24.3,30.5
7/2/16,61,0,0,,29.8
7/3/16,57,0,0,25.1,
7/4/16,57,0,0,23,28.7
7/5/16,53,0,0,24,28.3
7/6/16,52,0,0,28.2,28
7/7/16,52,0,0,30.4,28.1
7/8/16,52,0,0,26.8,27.8
7/9/16,49,0,0,51.3,27.4
7/10/16,45,0,0,36.7,26.6
7/11/16,44,0,0,23.3,26.3
7/12/16,52,0,0,25.4,26.2
7/13/16,51,0,0,16.8,25.7
7/14/16,57,0,0,20.8,25.4
7/15/16,63,0,0,22.4,25
7/16/16,58,0,0,37.6,24.8
7/17/16,55,0,0,27.8,24.7
7/18/16,51,0,0,38.8,25
7/19/16,50,0,0,27,24.6
7/20/16,51,0.1,0.1,27.4,24.5
7/21/16,56,0,-0.1,32.7,24.9
7/22/16,57,0,0,23,24.6
7/23/16,55,0,0,16,23.8
7/24/16,60,0,0,21.2,24
7/25/16,59,0,0,19.7,23.9
7/26/16,58,0,0,17.9,23.5
7/27/16,67,0,0,19,23
7/28/16,66,0,0,16.7,23.3
7/29/16,67,0,0,24.8,23.5
7/30/16,65,0,0,27.9,22.7
7/31/16,63,0,0,27,23.4
8/1/16,60,0,0,28.7,23.1
8/2/16,61,0,0,25.6,23.1
8/3/16,58,0,0,20.2,22.4
8/4/16,60,0,0,23.4,22.1
8/5/16,57,0,0,34,21.7
8/6/16,53,0,0,19.7,22.5
8/7/16,50,0,0,19.4,22.3
8/8/16,53,0,0,30.1,21.3
8/9/16,52,0,0,18.3,21.9
8/10/16,52,0,0,18.3,21.8
8/11/16,55,0,0,16.5,21.3
8/12/16,58,0,0,18.7,22
8/13/16,59,0,0,19.1,21.9
8/14/16,60,0,0,29.5,21.8
8/15/16,60,0,0,21.7,21.2
8/16/16,60,0,0,16.2,21.1
8/17/16,63,0,0,13.5,21.7
8/18/16,63,0,0,23.6,21.1
8/19/16,62,0,0,18.4,20.5
8/20/16,60,0,0,16.2,20.4
8/21/16,64,0,0,19.4,20.9
8/22/16,60,0,0,16.7,20
8/23/16,58,0,0,24.8,21.4
8/24/16,57,0,0,27,20.9
8/25/16,55,0,0,18.9,20.1
8/26/16,55,0,0,21.6,19.8
8/27/16,55,0,0,21.9,21
8/28/16,56,0,0,24.8,20.9
8/29/16,57,0,0,21,20.5
8/30/16,59,0,0,34.3,20.6
8/31/16,57,0,0,31.2,20.8
9/1/16,53,0,0,30.2,19.5
9/2/16,52,0,0,25.6,20.7
9/3/16,51,0,0,31.5,19.8
9/4/16,46,0,0,24.6,19.6
9/5/16,41,0,0,17.7,19.5
9/6/16,47,0,0,23.6,18.7
9/7/16,52,0,0,18.9,18.6
9/8/16,54,0,0,17.7,19.9
9/9/16,56,0,0,12.4,18.8
9/10/16,57,0,0,19.3,19.2
9/11/16,58,0,0,25.8,19.8
9/12/16,51,0,0,38,19.1
9/13/16,44,0,0,23.1,19
9/14/16,42,0,0,17.2,18.9
9/15/16,44,0,0,15.9,19
9/16/16,48,0,0,16.6,18.8
9/17/16,51,0,0,17.8,19
9/18/16,58,0,0,22.2,18.2
9/19/16,57,0,0,39.3,18.8
9/20/16,56,0,0,35.3,18.3
9/21/16,51,0,0,46.4,18
9/22/16,36,0,0,24.4,18.2
9/23/16,33,0,0,14.2,17.1
9/24/16,43,0.1,0.1,20.2,17.1
9/25/16,51,0,-0.1,21.9,18.1
9/26/16,54,0,0,16.1,17.9
9/27/16,56,0,0,13.7,18.8
9/28/16,58,0,0,20.5,17.8
9/29/16,55,0,0,34.7,18.2
9/30/16,50,0,0,38.2,18.1
10/1/16,41,0,0,35.5,17.7
10/2/16,38,0.3,0.3,38.4,18.2
10/3/16,28,0,-0.3,32.3,16.8
10/4/16,32,0,0,22.5,16.6
10/5/16,34,0.1,0.1,15.1,16
10/6/16,35,0,-0.1,10,15.8
10/7/16,42,0.1,0.1,8.3,16.4
10/8/16,48,0,-0.1,16.8,17.4
10/9/16,51,0,0,23.4,16.5
10/10/16,50,0,0,33.5,17.2
10/11/16,45,0,0,21.5,17.4
10/12/16,46,0,0,20.4,17.5
10/13/16,46,0,0,53.9,17.2
10/14/16,43,2.3,2.3,47.5,16.5
10/15/16,39,2.6,0.3,67.7,16.1
10/16/16,37,5.6,3,59.3,39.2
10/17/16,33,0.4,-5.2,46.1,40
10/18/16,32,0,-0.4,28.2,39.7
10/19/16,32,0.1,0.1,4.3,39.6
10/20/16,43,0,-0.1,13,40
10/21/16,52,0.1,0.1,29.4,40.1
10/22/16,46,0,-0.1,32.4,40.1
10/23/16,44,0,0,40.1,39.9
10/24/16,42,0.1,0.1,48.6,39.3
10/25/16,35,0.2,0.1,30.6,39.3
10/26/16,43,0,-0.2,36.7,39.8
10/27/16,44,2.5,2.5,41.9,39.4
10/28/16,43,1.3,-1.2,28.5,40.6
10/29/16,40,0,-1.3,35.9,40.4
10/30/16,41,2.1,2.1,56.4,39.8
10/31/16,31,1,-1.1,50,40.2
11/1/16,31,0.4,-0.6,45.1,39.9
11/2/16,32,0,-0.4,9.2,39.8
11/3/16,44,0,0,8.6,39.7
11/4/16,46,0.1,0.1,20.2,40
11/5/16,46,0,-0.1,26.8,40.1
11/6/16,40,0,0,28.6,40.1
11/7/16,42,0,0,16.8,40.1
11/8/16,51,0,0,17.8,39.9
11/9/16,51,0,0,17.8,39.6
11/10/16,49,0,0,14.3,39.4
11/11/16,46,0,0,30,39.2
11/12/16,45,0,0,28.6,39
11/13/16,43,0,0,19.3,38.9
11/14/16,47,0,0,35.6,38.8
11/15/16,48,0.1,0.1,39.1,38.7
11/16/16,32,0,-0.1,33.7,38.6
11/17/16,20,0.1,0.1,21.7,38.4
11/18/16,34,0,-0.1,40.4,38.3
11/19/16,39,0.7,0.7,41.8,38.4
11/20/16,31,0.7,0,37.2,38.3
11/21/16,30,0.1,-0.6,18.9,38.3
11/22/16,27,0.2,0.1,29.8,38.2
11/23/16,28,0.4,0.2,39.4,38.3
11/24/16,32,0.4,0,23.7,38.3
11/25/16,33,0,-0.4,44.4,38.3
11/26/16,37,0.4,0.4,47.1,38.4
11/27/16,24,0.5,0.1,40.6,38.4
11/28/16,24,0.1,-0.4,40.2,38.4
11/29/16,20,0.1,0,20.8,38.4
11/30/16,35,0,-0.1,27.5,38.4
12/1/16,26,0,0,16.7,38.3
12/2/16,17,0,0,29.6,38.4
12/3/16,29,0,0,13.1,38.4
12/4/16,40,0,0,30.7,38.4
12/5/16,31,0,0,28.8,38.4
12/6/16,28,0,0,39.9,38.4
12/7/16,16,0.2,0.2,26.9,38.4
12/8/16,31,1.9,1.7,56.6,38.3
12/9/16,35,0,-1.9,45.9,38.4
12/10/16,35,5.1,5.1,56,39.3
12/11/16,31,0,-5.1,35.4,40.4
12/12/16,32,0,0,27.2,39.8
12/13/16,33,0.7,0.7,41.7,39.5
12/14/16,37,0.4,-0.3,45.9,39.4
12/15/16,36,3.8,3.4,49.3,39.9
12/16/16,35,0.1,-3.7,50.3,40.5
12/17/16,11,0,-0.1,17.3,39.9
12/18/16,19,0,0,16.8,39.7
12/19/16,41,0.1,0.1,16,39.6
12/20/16,44,0,-0.1,15.3,39.4
12/21/16,31,0,0,12.9,39.3
12/22/16,27,0,0,24.7,39.1
12/23/16,31,0.9,0.9,36.4,39
12/24/16,19,0.8,-0.1,25,38.9
12/25/16,7,0,-0.8,9.8,38.8
12/26/16,16,0,0,20.7,38.7
12/27/16,34,0,0,30.6,38.7
12/28/16,35,0,0,21.5,38.6
12/29/16,44,0,0,16.3,38.5
12/30/16,41,0,0,27.4,38.4
12/31/16,31,0,0,18.1,38.5
1/1/17,32,0,0,58.4,38.5
1/2/17,17,0.2,0.2,52.2,38.5
1/3/17,21,2.8,2.6,53.1,38.4
1/4/17,31,1.7,-1.1,57.2,38.3
1/5/17,29,2.6,0.9,44.1,38.4
1/6/17,13,0,-2.6,30.4,38.4
1/7/17,28,2.2,2.2,45,38.3
1/8/17,35,6,3.8,58.2,40
1/9/17,34,0.3,-5.7,55.9,41.7
1/10/17,28,3.9,3.6,73.8,40.1
1/11/17,28,1.1,-2.8,62,39.8
1/12/17,21,2.6,1.5,19.5,39.7
1/13/17,21,0,-2.6,19.3,39.5
1/14/17,22,0,0,3.8,39.5
1/15/17,28,0,0,9.2,39.4
1/16/17,21,0,0,18.4,39.3
1/17/17,34,0,0,32.6,39.3
1/18/17,35,0.5,0.5,45.5,39.3
1/19/17,27,1.8,1.3,42.7,39.3
1/20/17,23,1.5,-0.3,43.3,39.2
1/21/17,21,1.5,0,43.3,39.2
1/22/17,24,3.1,1.6,54.2,39.2
1/23/17,20,1.3,-1.8,25,39.1
1/24/17,17,0,-1.3,11.1,39.1
1/25/17,15,0,0,20.5,39.1
1/26/17,20,0,0,,39.1
1/27/17,17,0,0,14.1,39.1
1/28/17,31,0,0,6.3,39
1/29/17,37,0,0,9.8,39
1/30/17,40,0,0,15.9,39
1/31/17,42,0.1,0.1,27.1,39
2/1/17,37,0.1,0,39.2,38.9
2/2/17,31,0.4,0.3,35.5,38.9
2/3/17,32,1.6,1.2,59.1,38.9
2/4/17,30,0,-1.6,53.9,38.9
2/5/17,28,0.1,0.1,48.2,39
2/6/17,30,0.9,0.8,50.8,38.9
2/7/17,31,5.2,4.3,57.1,38.9
2/8/17,36,3.9,-1.3,51.2,40.6
2/9/17,40,1.2,-2.7,51.3,41.3
2/10/17,32,2.2,1,34.5,40.2
2/11/17,23,0.5,-1.7,26.1,39.9
2/12/17,25,0,-0.5,15.4,39.7
2/13/17,26,0,0,4,39.6
2/14/17,32,0,0,23.3,39.5
2/15/17,40,0,0,37.3,39.4
2/16/17,38,0.9,0.9,51.2,39.3
2/17/17,31,0.3,-0.6,30.5,39.3
2/18/17,31,1.1,0.8,38.2,39.2
2/19/17,26,0.3,-0.8,36.5,39.2
2/20/17,31,3.8,3.5,82.5,39.2
2/21/17,31,3.4,-0.4,57,39.1
2/22/17,24,0.7,-2.7,32.2,39.1
2/23/17,14,0,-0.7,18.1,39.2
2/24/17,9,0,0,30.9,39.1
2/25/17,16,0,0,26.6,39.1
2/26/17,17,0,0,51.1,39.1
2/27/17,17,0,0,47.6,39.1
2/28/17,16,0,0,20.9,39.1
3/1/17,21,0,0,6.3,39.2
3/2/17,32,0.3,0.3,11.3,39.1
3/3/17,38,0,-0.3,36,39.1
3/4/17,33,0,0,43.8,39.1
3/5/17,26,1.4,1.4,60,39.1
3/6/17,14,0,-1.4,44.9,39.2
3/7/17,21,0,0,34.6,39.2
3/8/17,34,0,0,17.4,39.1
3/9/17,42,0,0,20,39.2
3/10/17,43,0,0,16,39.5
3/11/17,38,0,0,19.1,39.5
3/12/17,41,0,0,7,39.7
3/13/17,42,0,0,23.6,39.8
3/14/17,47,0,0,36,39.9
3/15/17,43,0,0,50.9,40.1
3/16/17,39,0,0,40.4,40.3
3/17/17,43,0,0,23.3,40.2
3/18/17,42,0.1,0.1,51.3,40.2
3/19/17,39,0,-0.1,26.3,40.3
3/20/17,40,0,0,34.9,40.3
3/21/17,34,0.9,0.9,43.2,39.9
3/22/17,29,1,0.1,37.7,40
3/23/17,23,0,-1,28.8,39.8
3/24/17,30,1.3,1.3,34.2,39.7
3/25/17,30,0.2,-1.1,17.8,39.6
3/26/17,30,0.2,0,40.5,39.5
3/27/17,29,0.1,-0.1,32.3,39.4
3/28/17,26,0,-0.1,15.4,39.4
3/29/17,40,0,0,33.3,39.4
3/30/17,37,1,1,48.7,39.7
3/31/17,22,0,-1,30.7,39.9
4/1/17,32,0,0,20.1,39.7
4/2/17,41,0,0,17,39.6
4/3/17,37,0,0,13.2,39.7
4/4/17,34,0,0,20.1,39.7
4/5/17,41,0,0,34.2,39.6
4/6/17,40,1.4,1.4,47.4,39.8
4/7/17,30,0.5,-0.9,47.9,39.7
4/8/17,30,1.3,0.8,40.5,39.7
4/9/17,18,0,-1.3,28.5,39.7
4/10/17,26,0,0,31.9,39.5
4/11/17,34,0,0,42.2,39.5
4/12/17,34,0.6,0.6,57.2,39.5
4/13/17,29,1.4,0.8,45.6,40.1
4/14/17,23,0.3,-1.1,18.9,39.8
4/15/17,28,0,-0.3,18.8,39.7
4/16/17,39,0.4,0.4,49.9,39.6
4/17/17,34,1,0.6,50.2,39.5
4/18/17,34,0.5,-0.5,25.9,40.2
4/19/17,30,0,-0.5,41.4,39.9
4/20/17,30,0.2,0.2,36.5,39.7
4/21/17,31,0,-0.2,8.9,39.7
4/22/17,46,0,0,43.9,39.7
4/23/17,37,0,0,34.8,40
4/24/17,33,1,1,37.2,39.8
4/25/17,29,0,-1,29.2,39.7
4/26/17,36,0,0,46.3,39.7
4/27/17,36,0,0,34.4,40.5
4/28/17,29,0,0,28.4,40.1
4/29/17,29,0,0,23.4,39.9
4/30/17,42,0,0,22.2,39.7
5/1/17,43,0,0,12.2,40.4
5/2/17,45,0,0,12.4,40.4
5/3/17,46,0,0,13.2,40.5
5/4/17,51,0,0,25.2,40.5
5/5/17,50,0,0,31.7,40.5
5/6/17,41,0.8,0.8,28.5,40.5
5/7/17,32,0.1,-0.7,22.3,40.1
5/8/17,41,0,-0.1,11.8,40.2
5/9/17,44,0,0,13.3,40.4
5/10/17,50,0,0,20,40.4
5/11/17,45,0,0,48,40.5
5/12/17,35,0,0,49.3,40.5
5/13/17,26,0,0,19.5,40.2
5/14/17,29,0,0,17.7,40
5/15/17,29,0,0,19.8,39.8
5/16/17,36,0.5,0.5,44,39.8
5/17/17,33,0.1,-0.4,14.6,39.9
5/18/17,32,0,-0.1,13.8,39.8
5/19/17,38,0,0,14.9,40.3
5/20/17,47,0.1,0.1,17.5,40.4
5/21/17,49,0,-0.1,7.6,40.4
5/22/17,49,0,0,11.5,40.4
5/23/17,54,0,0,18.3,40.4
5/24/17,53,0,0,33.7,40.4
5/25/17,46,0,0,32.1,40.4
5/26/17,41,0,0,18.2,40.4
5/27/17,45,0,0,15.3,40.4
5/28/17,49,0.1,0.1,15.5,40.3
5/29/17,51,0,-0.1,21.3,40.3
5/30/17,53,0.1,0.1,18.4,40.3
5/31/17,47,0,-0.1,23.7,40.3
6/1/17,43,0,0,17.1,40.3
6/2/17,45,0,0,19.6,40.3
6/3/17,56,0,0,29.6,40.3
6/4/17,52,0,0,38.7,40.3
6/5/17,49,0,0,14.9,40.3
6/6/17,53,0,0,22.2,40.3
6/7/17,53,0,0,31.9,40.4
6/8/17,46,0,0,38.8,40.3
6/9/17,39,0.1,0.1,58.1,40.5
6/10/17,36,0.2,0.1,42.7,40.4
6/11/17,33,0.5,0.3,32.8,40.2
6/12/17,28,0,-0.5,26.1,40.1
6/13/17,34,0.1,0.1,16.5,39.9
6/14/17,44,0.1,0,19.5,40.3
6/15/17,49,0,-0.1,21,40.4
6/16/17,52,0,0,18.4,40.4
6/17/17,58,0,0,18.4,40.5
6/18/17,54,0,0,16.1,40.5
6/19/17,60,0.1,0.1,23,40.5
6/20/17,62,0,-0.1,16,40.4
6/21/17,58,0.3,0.3,18.3,40.2
6/22/17,58,0,-0.3,14.2,40.5
6/23/17,59,0,0,15.6,40.3
6/24/17,60,0,0,20.9,40.1
6/25/17,62,0,0,23.7,40
6/26/17,57,0,0,34.8,39.9
6/27/17,53,0,0,24.8,39.8
6/28/17,53,0,0,23.1,39.7
6/29/17,51,0,0,14.9,39.5
6/30/17,54,0,0,15.3,39.4
7/1/17,58,0,0,19.3,39.5
7/2/17,56,0,0,18.4,39.4
7/3/17,60,0,0,18.5,39.3
7/4/17,58,0,0,23.7,39.1
7/5/17,60,0,0,28.3,39.1
7/6/17,56,0,0,14.4,39
7/7/17,58,0,0,16,38.8
7/8/17,61,0,0,18.7,38.5
7/9/17,58,0,0,24.5,38.2
7/10/17,62,0,0,31.5,38.2
7/11/17,58,0,0,27.5,37.9
7/12/17,58,0,0,20.5,37.4
7/13/17,59,0,0,21.7,37
7/14/17,61,0,0,19.1,36.4
7/15/17,61,0,0,18.6,36
7/16/17,58,0,0,22.4,35.6
7/17/17,62,0,0,44.9,35.2
7/18/17,55,0,0,28.8,34.5
7/19/17,56,0,0,25.1,33.7
7/20/17,55,0,0,18.4,33.2
7/21/17,52,0,0,14.7,32.7
7/22/17,58,0,0,16.4,32.2
7/23/17,64,0,0,22.2,31.2
7/24/17,63,0,0,18.7,30.8
7/25/17,57,0,0,23,30.4
7/26/17,54,0,0,30.6,29.4
7/27/17,52,0,0,16,29.1
7/28/17,59,0,0,21.8,29
7/29/17,60,0,0,16.4,28.5
7/30/17,61,0,0,16,28.3
7/31/17,61,0,0,12.9,27.8
8/1/17,68,0,0,17.5,27.5
8/2/17,66,0.3,0.3,24.6,26.2
8/3/17,63,0,-0.3,21.4,26.7
8/4/17,62,0,0,24,26.4
8/5/17,60,0,0,17.5,25.9
8/6/17,55,0,0,20.4,25
8/7/17,52,0,0,17.8,25.1
8/8/17,53,0,0,16.7,24.5
8/9/17,56,0,0,15.7,25.3
8/10/17,53,0,0,17.9,24.8
8/11/17,57,0,0,16.4,24.7
8/12/17,54,0,0,18.7,24.4
8/13/17,55,0,0,32.4,24.6
8/14/17,54,0,0,27.7,24.2
8/15/17,52,0,0,17.7,23.8
8/16/17,54,0,0,19.5,23.8
8/17/17,58,0,0,14.5,23.9
8/18/17,62,0,0,14.4,23.3
8/19/17,63,0,0,17.3,23.6
8/20/17,60,0,0,16.1,24
8/21/17,59,0,0,29,23.6
8/22/17,56,0,0,15.8,23.1
8/23/17,55,0,0,17.4,23.1
8/24/17,55,0,0,27,22.5
8/25/17,57,0,0,19.4,23
8/26/17,62,0,0,17.6,22.2
8/27/17,61,0,0,15.2,23
8/28/17,65,0,0,29.8,22.9
8/29/17,65,0,0,24.4,22.7
8/30/17,64,0,0,34,22.8
8/31/17,58,0,0,21.2,21.8
9/1/17,59,0,0,13.8,22.5
9/2/17,63,0,0,15,22.1
9/3/17,65,0,0,20.4,22
9/4/17,65,0,0,21,22.1
9/5/17,62,0.1,0.1,24.6,21.6
9/6/17,61,0.9,0.8,21.4,21.2
9/7/17,55,0,-0.9,23.9,28.1
9/8/17,51,0.5,0.5,23.3,30.2
9/9/17,48,0.1,-0.4,16.4,38.6
9/10/17,53,0,-0.1,15.9,37.4
9/11/17,60,0.3,0.3,27.7,36.7
9/12/17,54,0,-0.3,16.9,36
9/13/17,54,0,0,19.4,36.6
9/14/17,52,0,0,25.1,36.8
9/15/17,43,0,0,11.1,36.3
9/16/17,43,0,0,24.4,36.1
9/17/17,46,0,0,25.7,35.7
9/18/17,48,0,0,50.5,35.4
9/19/17,41,0,0,42.4,34.5
9/20/17,41,0.3,0.3,43.4,34.3
9/21/17,34,0.5,0.2,30.7,33.8
9/22/17,29,0,-0.5,17.9,33.7
9/23/17,31,0,0,17,36.7
9/24/17,35,0.1,0.1,14.3,37.9
9/25/17,39,0,-0.1,17.2,37.5
9/26/17,42,0,0,21.6,37
9/27/17,44,0,0,12,36.9
9/28/17,45,0,0,18.3,36.7
9/29/17,49,0,0,26.8,36.5
9/30/17,46,0,0,19.4,36
10/1/17,45,0,0,20.7,35.8
10/2/17,32,0,0,20.6,35.7
10/3/17,33,0,0,15.2,35.3
10/4/17,31,0,0,12.2,35.1
10/5/17,37,0,0,11.1,34.9
10/6/17,40,0,0,11.2,34.7
10/7/17,54,0,0,23.4,34.7
10/8/17,50,0,0,33.3,34.3
10/9/17,33,0,0,30.4,34.3
10/10/17,43,0,0,32.6,33.6
10/11/17,42,0,0,48.6,33.6
10/12/17,30,0.1,0.1,19.7,33.3
10/13/17,40,0,-0.1,22.4,32.7
10/14/17,36,0,0,13.3,33.1
10/15/17,49,0,0,16.6,32.6
10/16/17,51,0,0,14.9,32.1
10/17/17,53,0,0,22,32.1
10/18/17,51,0.1,0.1,20.7,32.1
10/19/17,47,0.3,0.2,44.5,31.7
10/20/17,37,0.8,0.5,48.9,31.5
10/21/17,26,0.1,-0.7,14.1,30.7
10/22/17,43,0.1,0,17.2,30.4
10/23/17,47,0,-0.1,11.3,33.5
10/24/17,46,0,0,10.8,35.3
10/25/17,54,0,0,9.7,35.6
10/26/17,52,0,0,5.8,35.6
10/27/17,50,0,0,7.6,35.4
10/28/17,51,0,0,7.7,35.2
10/29/17,54,0,0,16,35.2
10/30/17,53,0,0,27.2,35
10/31/17,40,0,0,11.1,35
11/1/17,47,0,0,20.3,34.6
11/2/17,42,0,0,35.2,34.3
11/3/17,34,0.8,0.8,39.8,33.9
11/4/17,33,1.4,0.6,46.6,33.7
11/5/17,31,0.1,-1.3,40.5,33.4
11/6/17,28,0.1,0,37.6,33.3
11/7/17,33,0.1,0,23.2,33.3
11/8/17,39,0.1,0,43.5,33.3
11/9/17,36,1.7,1.6,50.3,33.2
11/10/17,33,0.3,-1.4,38.7,33.7
11/11/17,31,0,-0.3,25.5,36.2
11/12/17,38,0,0,32,36.8
11/13/17,33,1.1,1.1,44.2,36.9
11/14/17,35,0.1,-1,41.1,37
11/15/17,36,3,2.9,46.9,37.1
11/16/17,34,3.8,0.8,52.1,37.6
11/17/17,32,0.3,-3.5,50.7,38.8
11/18/17,28,0.1,-0.2,18.3,38.6
11/19/17,40,0,-0.1,30.1,38.5
11/20/17,38,0.8,0.8,33.7,38.4
11/21/17,44,0,-0.8,20.3,39.4
11/22/17,49,0,0,31.9,39.5
11/23/17,50,0,0,35.6,39.7
11/24/17,42,0,0,33.7,39.8
11/25/17,47,0,0,37.9,39.7
11/26/17,48,0.9,0.9,44.6,39.5
11/27/17,30,0.6,-0.3,31.2,39.9
11/28/17,28,0,-0.6,19.7,39.4
11/29/17,33,0,0,19.8,39.1
11/30/17,41,0.1,0.1,23.9,38.9
12/1/17,39,0,-0.1,25.1,38.9
12/2/17,36,0,0,34.4,38.7
12/3/17,29,0.1,0.1,50.1,38.5
12/4/17,17,0,-0.1,23.9,38.4
12/5/17,21,0,0,20.4,38.2
12/6/17,28,0.1,0.1,17,38
12/7/17,33,0,-0.1,15.3,37.9
12/8/17,35,0,0,7,37.9
12/9/17,39,0,0,6.3,37.7
12/10/17,39,0,0,8,37.5
12/11/17,39,0.1,0.1,5.9,37.5
12/12/17,41,0,-0.1,5,37.5
12/13/17,44,0,0,12.6,37.3
12/14/17,38,0,0,15.6,37.3
12/15/17,50,0,0,32.6,37.4
12/16/17,35,0,0,32.5,37.3
12/17/17,18,0,0,21,37.4
12/18/17,36,0,0,14.9,37.3
12/19/17,43,0,0,46.1,37.4
12/20/17,29,0.4,0.4,36.8,37.3
12/21/17,14,0.1,-0.3,22,37.2
12/22/17,34,0.2,0.1,23.4,37.2
12/23/17,36,0,-0.2,28.9,37.1
12/24/17,41,0,0,44.1,37.1
12/25/17,36,0,0,24.3,37
12/26/17,40,0,0,19.8,37
12/27/17,42,0,0,24.3,36.9
12/28/17,45,0,0,18.1,36.9
12/29/17,46,0,0,30.4,36.9
12/30/17,44,0,0,32.4,36.9
12/31/17,43,0,0,20.1,36.8
1/1/18,42,0,0,12.9,36.7
1/2/18,39,0.2,0.2,11.7,36.8
1/3/18,44,0,-0.2,24.8,36.7
1/4/18,39,0,0,31.9,36.7
1/5/18,37,0.8,0.8,36.5,36.8
1/6/18,35,1.2,0.4,47.4,37.9
1/7/18,30,0.1,-1.1,26.7,39.5
1/8/18,39,1.2,1.1,26.7,39.3
1/9/18,36,0.6,-0.6,35.9,39.9
1/10/18,33,0.1,-0.5,22.4,40.1
1/11/18,35,0.2,0.1,39,39.7
1/12/18,36,0,-0.2,33.1,39.5
1/13/18,40,0,0,13,39.3
1/14/18,39,0,0,25.3,39.1
1/15/18,45,0,0,22.6,39
1/16/18,39,0,0,42.1,38.9
1/17/18,38,0.1,0.1,29.8,38.9
1/18/18,42,0.5,0.4,55.9,38.9
1/19/18,28,0.2,-0.3,33.3,39.9
1/20/18,19,0,-0.2,8.3,39.7
1/21/18,18,0,0,31.1,39.4
1/22/18,22,0,0,34.7,39.3
1/23/18,32,0.3,0.3,23.2,39.2
1/24/18,33,0.6,0.3,41.8,39
1/25/18,26,1,0.4,39.4,38.9
1/26/18,21,0,-1,29,38.7
1/27/18,24,0,0,26.7,38.5
1/28/18,34,0,0,7.9,38.4
1/29/18,48,0,0,15.5,38.3
1/30/18,45,0,0,24.6,38.2
1/31/18,40,0,0,20.3,38.1
2/1/18,43,0,0,20.2,38
2/2/18,40,0,0,12.5,38
2/3/18,41,0,0,13.9,38
2/4/18,39,0,0,9.1,38
2/5/18,42,0,0,17.9,38
2/6/18,37,0,0,13.4,38.2
2/7/18,35,0,0,5.6,38.4
2/8/18,39,0,0,7.6,38.6
2/9/18,42,0,0,26.1,39
2/10/18,40,0,0,25,39.4
2/11/18,28,0,0,49.8,39.3
2/12/18,20,0.4,0.4,21.7,39.3
2/13/18,18,0,-0.4,18.8,39.1
2/14/18,27,0,0,47.5,38.8
2/15/18,22,0,0,16.6,38.6
2/16/18,35,0.1,0.1,17.8,38.4
2/17/18,35,0,-0.1,35.8,38.2
2/18/18,33,0.1,0.1,49.1,38.1
2/19/18,11,0,-0.1,24.2,38.2
2/20/18,6,0,0,20,38.2
2/21/18,13,0,0,23.4,38
2/22/18,16,0.3,0.3,36.2,37.8
2/23/18,9,0,-0.3,12.8,37.7
2/24/18,22,0,0,42.1,37.6
2/25/18,16,0,0,38.9,37.4
2/26/18,20,0.8,0.8,39.3,37.3
2/27/18,13,0,-0.8,19,37.2
2/28/18,18,0.2,0.2,36.8,37
3/1/18,23,2,1.8,54,37
3/2/18,22,1.2,-0.8,53.9,37
3/3/18,17,0.9,-0.3,31.2,36.7
3/4/18,17,0.3,-0.6,20.1,36.5
3/5/18,16,0,-0.3,7.3,36.7
3/6/18,29,0,0,8.2,36.5
3/7/18,35,0,0,37.1,36.5
3/8/18,34,0.2,0.2,37.1,36.4
3/9/18,32,0,-0.2,27.8,36.5
3/10/18,35,0.2,0.2,22,36.4
3/11/18,31,0,-0.2,11,36.3
3/12/18,36,0,0,27.3,37.4
3/13/18,38,0.9,0.9,36.2,40.6
3/14/18,26,1.4,0.5,27.6,40.2
3/15/18,20,1.7,0.3,43.8,39.5
3/16/18,24,2.2,0.5,44.3,39.2
3/17/18,18,0,-2.2,48.3,39
3/18/18,16,0.1,0.1,10.2,38.8
3/19/18,26,0,-0.1,20.1,38.7
3/20/18,32,1.2,1.2,25.3,38.6
3/21/18,34,1,-0.2,45.6,40.6
3/22/18,33,2.6,1.6,46.9,40.8
3/23/18,20,0,-2.6,44,40.3
3/24/18,21,0.5,0.5,52.4,39.9
3/25/18,18,0.4,-0.1,38.9,39.7
3/26/18,18,0.1,-0.3,19.9,39.4
3/27/18,25,0.1,0,17.3,39.2
3/28/18,36,0,-0.1,10.3,40
3/29/18,37,0,0,11.9,40.5
3/30/18,40,0,0,14.4,40.4
3/31/18,45,0,0,29,40.5
4/1/18,40,0,0,25.6,40.4
4/2/18,38,0,0,27.1,40.5
4/3/18,35,0,0,21.8,40.5
4/4/18,39,0,0,23.4,40.4
4/5/18,36,0.2,0.2,35.6,40.5
4/6/18,35,1.6,1.4,42.6,40.4
4/7/18,42,1.7,0.1,43.5,41.7
4/8/18,27,0.1,-1.6,40.9,40.5
4/9/18,36,0,-0.1,21.6,40.4
4/10/18,46,0.1,0.1,49.4,40.7
4/11/18,36,0.2,0.1,42.5,40.5
4/12/18,22,0.1,-0.1,32.8,40
4/13/18,18,0,-0.1,11.1,39.8
4/14/18,40,0,0,28.5,40.2
4/15/18,36,0.5,0.5,,40.6
4/16/18,22,0.5,0,,40.1
4/17/18,19,0,-0.5,,39.8
4/18/18,30,0,0,,40
4/19/18,24,0,0,,39.7
4/20/18,31,0,0,,39.5
4/21/18,43,0.1,0.1,,40.6
4/22/18,46,0,-0.1,,40.7
4/23/18,41,0,0,,40.7
4/24/18,43,0,0,,40.6
4/25/18,46,0,0,,40.5
4/26/18,50,0,0,,40.5
4/27/18,45,0,0,,40.5
4/28/18,29,0,0,,40.4
4/29/18,28,0,0,,40.1
4/30/18,28,0.2,0.2,,40
5/1/18,31,0,-0.2,,39.8
5/2/18,33,0.1,0.1,,40.4
5/3/18,38,0.2,0.1,,40.5
5/4/18,44,0,-0.2,,40.6
5/5/18,47,0,0,,40.6
5/6/18,47,0,0,,40.6
5/7/18,47,0,0,,40.5
5/8/18,49,0,0,,40.5
5/9/18,47,0,0,,40.6
5/10/18,44,0,0,,40.4
5/11/18,44,0,0,,40.4
5/12/18,32,0,0,,40.3
5/13/18,40,0.1,0.1,,40.3
5/14/18,39,0,-0.1,,40.4
5/15/18,42,0.2,0.2,,40.2
5/16/18,40,0.3,0.1,,40.3
5/17/18,36,0.1,-0.2,,40.4
5/18/18,40,0,-0.1,,40.3
5/19/18,42,0,0,,40
5/20/18,43,0,0,,39.8
5/21/18,41,0,0,,39.7
5/22/18,42,0,0,,39.5
5/23/18,45,0.2,0.2,,39.4
5/24/18,44,0.1,-0.1,,39.8
5/25/18,44,0.6,0.5,,40.4
5/26/18,33,0,-0.6,,40.3
5/27/18,38,0,0,,40
5/28/18,47,0,0,,39.9
5/29/18,50,0,0,,39.7
5/30/18,52,0,0,,39.5
5/31/18,40,0,0,,39.3
6/1/18,39,0,0,,39.1
6/2/18,46,0,0,,39
6/3/18,54,0,0,,39
6/4/18,54,0,0,,38.9
6/5/18,49,0,0,,38.8
6/6/18,51,0,0,,38.7
6/7/18,46,0,0,,38.5
6/8/18,46,0,0,,38.3
6/9/18,44,0,0,,38.2
6/10/18,34,0,0,,38.1
6/11/18,48,0,0,,37.8
6/12/18,53,0,0,,37.7
6/13/18,56,0,0,,37.5
6/14/18,55,0,0,,37.3
6/15/18,53,0,0,,36.9
6/16/18,49,0,0,,36.7
6/17/18,43,0,0,,36.2
6/18/18,41,0.1,0.1,,36.1
6/19/18,46,0,-0.1,,35.5
6/20/18,53,0,0,,35.5
6/21/18,55,0,0,,35.5
6/22/18,54,0,0,,34.9
6/23/18,57,0,0,,34.5
6/24/18,57,0,0,,34.2
6/25/18,59,0,0,,33.5
6/26/18,58,0,0,,33.3
6/27/18,60,0,0,,32.3
6/28/18,53,0,0,,32
6/29/18,51,0,0,,30.9
6/30/18,52,0,0,,30.5
7/1/18,56,0,0,,30.5
7/2/18,61,0,0,,29.7
7/3/18,56,0,0,,28.9
7/4/18,55,0,0,,28.4
7/5/18,54,0,0,,27.9
7/6/18,56,0,0,,28.1
7/7/18,59,0,0,,27.6
7/8/18,62,0,0,,27
7/9/18,61,0,0,,26.6
7/10/18,59,0,0,,26.5
7/11/18,58,0,0,,26.3
7/12/18,63,0,0,,25.5
7/13/18,60,0,0,,25
7/14/18,60,0,0,,25.3
7/15/18,64,0,0,,24.6
7/16/18,57,0,0,,25.1
7/17/18,60,0,0,,24.8
7/18/18,62,0,0,,24.1
7/19/18,64,0,0,,23.8
7/20/18,64,0,0,,24.1
7/21/18,62,0,0,,23.6
7/22/18,59,0,0,,23.4
7/23/18,58,0,0,,23.4
7/24/18,62,0,0,,23.2
7/25/18,63,0,0,,22.8
7/26/18,64,0,0,,23.4
7/27/18,67,0,0,,22.9
7/28/18,63,0,0,,22.6
7/29/18,61,0,0,,23.2
7/30/18,63,0,0,,21.9
7/31/18,65,0,0,,22
8/1/18,64,0,0,,22.7
8/2/18,62,0,0,,21.5
8/3/18,59,0,0,,21.6
8/4/18,59,0,0,,22.2
8/5/18,53,0,0,,21.8
8/6/18,54,0,0,,21.9
8/7/18,58,0,0,,21.5
8/8/18,63,0,0,,20.7
8/9/18,65,0,0,,21.6
8/10/18,64,0,0,,21.6
8/11/18,64,0,0,,21.7
8/12/18,63,0,0,,21.7
8/13/18,62,0,0,,21.5
8/14/18,60,0,0,,21.3
8/15/18,64,0,0,,20.4
8/16/18,58,0,0,,20.4
8/17/18,59,0,0,,21.4
8/18/18,59,0,0,,20.7
8/19/18,61,0,0,,20.3
8/20/18,59,0,0,,20.5
8/21/18,57,0,0,,20.9
8/22/18,53,0,0,,20.9
8/23/18,55,0,0,,20
8/24/18,53,0,0,,19.8
8/25/18,53,0,0,,20
8/26/18,52,0,0,,20.4
8/27/18,51,0,0,,19.4
8/28/18,52,0,0,,19.5
8/29/18,54,0,0,,19.3
8/30/18,51,0,0,,18.8
8/31/18,48,0,0,,18.7
9/1/18,52,0,0,,19.8
9/2/18,55,0,0,,19.5
9/3/18,59,0,0,,20
9/4/18,57,0,0,,19.1
9/5/18,58,0,0,,18.6
9/6/18,58,0,0,,20
9/7/18,58,0,0,,19.1
9/8/18,58,0,0,,19
9/9/18,56,0,0,,18.2
9/10/18,58,0,0,,19.3
9/11/18,54,0,0,,18.9
9/12/18,48,0,0,,18.4
9/13/18,41,0,0,,17.8
9/14/18,43,0,0,,18
9/15/18,47,0,0,,17.8
9/16/18,45,0,0,,18.1
9/17/18,49,0,0,,17.2
9/18/18,48,0,0,,17.7
9/19/18,47,0,0,,18
9/20/18,46,0,0,,17.9
9/21/18,52,0,0,,17.9
9/22/18,53,0,0,,17.6
9/23/18,50,0,0,,17.4
9/24/18,51,0,0,,17.4
9/25/18,48,0,0,,17.7
9/26/18,50,0,0,,17.5
9/27/18,56,0,0,,17.8
9/28/18,58,0,0,,17.8
9/29/18,54,0,0,,18.2
9/30/18,40,0,0,,17
10/1/18,47,0,0,,17.6
10/2/18,51,0,0,,16.8
10/3/18,46,0.4,0.4,,17
10/4/18,41,0.6,0.2,,17
10/5/18,37,0.1,-0.5,,16.2
10/6/18,38,0,-0.1,,16.1
10/7/18,34,0,0,,16.4
10/8/18,35,0,0,,16.2
10/9/18,41,0,0,,16.6
10/10/18,36,0.5,0.5,,16.5
10/11/18,37,0.1,-0.4,19,16.7
10/12/18,37,0,-0.1,19.8,16.7
10/13/18,38,0,0,17.6,16.2
10/14/18,40,0,0,32,17.5
10/15/18,31,0,0,18,16.9
10/16/18,38,0,0,17.2,17
10/17/18,41,0,0,12.1,17.2
10/18/18,42,0,0,12.3,17.9
10/19/18,46,0.1,0.1,23.4,18.1
10/20/18,47,0,-0.1,18.9,17.9
10/21/18,44,0,0,14.9,18.1
10/22/18,42,0,0,17.9,18.5
10/23/18,43,0,0,26.1,18.6
10/24/18,45,0,0,22.4,18.6
10/25/18,46,0,0,15.7,18.5
10/26/18,46,0,0,14.8,19.3
10/27/18,50,0,0,30.2,19.7
10/28/18,46,0,0,40.4,19.2
10/29/18,40,0,0,40,19.5
10/30/18,30,0,0,12.2,20.1
10/31/18,33,0,0,16.1,19
11/1/18,41,0,0,13.2,19.5
11/2/18,51,0,0,19.6,19.6
11/3/18,46,0,0,16.7,19.3
11/4/18,48,0,0,29,19
11/5/18,44,0,0,23.9,19
11/6/18,41,0,0,15,19.7
11/7/18,44,0,0,25.6,19.1
11/8/18,30,0,0,23.5,19
11/9/18,29,0,0,14.8,19
11/10/18,43,0,0,15.7,18.7
11/11/18,29,0,0,21.9,18.5
11/12/18,31,0,0,13.3,18.4
11/13/18,38,0,0,4.8,17.8
11/14/18,44,0,0,10.1,18.6
11/15/18,42,0,0,9.3,18.2
11/16/18,43,0,0,13.4,18.4
11/17/18,43,0,0,13.3,18.8
11/18/18,36,0,0,10,18.4
11/19/18,42,0,0,7.2,18.4
11/20/18,40,0,0,21.6,18
11/21/18,38,0.3,0.3,37.6,18.1
11/22/18,29,1.7,1.4,51.2,18.4
11/23/18,30,2.5,0.8,50.1,18.2
11/24/18,37,0.2,-2.3,40.5,18.1
11/25/18,33,0,-0.2,15.2,17.7
11/26/18,34,0.1,0.1,21.5,17.6
11/27/18,41,0.4,0.3,41.8,17.8
11/28/18,35,0.9,0.5,34.7,18.1
11/29/18,32,1.4,0.5,36.8,18.8
11/30/18,27,0,-1.4,24.8,19.7
12/1/18,23,0.6,0.6,48.3,20.6
12/2/18,20,0.1,-0.5,13.7,21.6
12/3/18,17,0.2,0.1,17.7,22.7
12/4/18,28,0.1,-0.1,19.1,23.7
12/5/18,27,0.3,0.2,11.7,24.7
12/6/18,28,0,-0.3,6.3,26.1
12/7/18,26,0,0,19.9,27.5
12/8/18,33,0.1,0.1,20.7,28.6
12/9/18,39,0,-0.1,24.5,29.2
12/10/18,35,0,0,22.5,29.7
12/11/18,28,0,0,32.8,30.4
12/12/18,34,0,0,30.2,30.6
12/13/18,37,0.1,0.1,25.1,30.9
12/14/18,42,0,-0.1,45.1,31.1
12/15/18,32,0,0,33.7,31.3
12/16/18,37,0.2,0.2,44.9,31.7
12/17/18,31,0.4,0.2,35.3,31.8
12/18/18,30,0,-0.4,40.5,31.8
12/19/18,34,0,0,25.1,32.1
12/20/18,43,0,0,34.8,32.1
12/21/18,31,0.5,0.5,38.2,32.3
12/22/18,30,0.1,-0.4,26.7,32.5
12/23/18,35,0.1,0,27.6,32.5
12/24/18,33,1.2,1.1,42.2,32.6
12/25/18,22,0,-1.2,24,32.9
12/26/18,22,0,0,25.7,32.8
12/27/18,26,0,0,30.7,32.8
12/28/18,14,0,0,27.8,33
12/29/18,21,0,0,23.6,32.9
12/30/18,40,0,0,32.4,33.1
12/31/18,20,0,0,31.6,33.1
1/1/19,11,0,0,23.7,33.2
1/2/19,25,0,0,15.4,33.3
1/3/19,38,0,0,14.1,33.2
1/4/19,38,0,0,31.3,33.3
1/5/19,35,0.5,0.5,45.7,33.4
1/6/19,24,2.1,1.6,51.3,33.3
1/7/19,31,1.2,-0.9,57.2,33.3
1/8/19,38,0,-1.2,40.9,33.3
1/9/19,33,1,1,44.2,33.4
1/10/19,30,0,-1,25.3,33.4
1/11/19,38,0,0,26.1,33.5
1/12/19,30,0,0,12.4,33.4
1/13/19,28,0,0,13.2,33.6
1/14/19,25,0.1,0.1,17.5,33.6
1/15/19,26,1.8,1.7,54.7,33.2
1/16/19,30,2.2,0.4,50.3,33.5
1/17/19,32,1,-1.2,69.1,33.5
1/18/19,27,2,1,39.3,33.5
1/19/19,36,0.2,-1.8,36.3,33.6
1/20/19,35,1.5,1.3,56.9,33.6
1/21/19,21,0,-1.5,32.1,33.6
1/22/19,17,0,0,17.3,33.8
1/23/19,35,0,0,22.7,33.6
1/24/19,30,0,0,10.1,33.8
1/25/19,34,0,0,23.4,33.8
1/26/19,35,0,0,14.9,33.9
1/27/19,45,0.1,0.1,21.1,33.9
1/28/19,40,0,-0.1,21.8,33.8
1/29/19,44,0,0,13.4,34
1/30/19,34,0,0,10.3,34
1/31/19,35,0,0,13.8,34.1
2/1/19,33,0,0,36.1,34.2
2/2/19,34,1.5,1.5,37.3,34.2
2/3/19,25,3,1.5,50.5,34.4
2/4/19,22,2.3,-0.7,63.2,34.5
2/5/19,14,0.4,-1.9,35.6,34.3
2/6/19,12,0,-0.4,18.3,34.6
2/7/19,16,0,0,20,34.7
2/8/19,20,0.1,0.1,23,34.7
2/9/19,22,2.3,2.2,59.2,34.9
2/10/19,19,0,-2.3,37.9,34.9
2/11/19,11,0,0,24.8,34.9
2/12/19,24,0.1,0.1,46.9,35.1
2/13/19,28,1.4,1.3,43.9,35.2
2/14/19,36,3.2,1.8,57.7,35.7
2/15/19,22,0.6,-2.6,52.2,38.9
2/16/19,17,0.8,0.2,40.5,38.4
2/17/19,16,0.4,-0.4,27.4,38.2
2/18/19,13,0,-0.4,14.4,38.1
2/19/19,11,0,0,25.5,37.9
2/20/19,20,0.1,0.1,36.2,37.9
2/21/19,14,0,-0.1,23.3,37.9
2/22/19,11,0,0,13.7,37.8
2/23/19,22,0,0,26.7,37.8
2/24/19,25,0.5,0.5,51.2,37.8
2/25/19,27,1.4,0.9,52.7,37.7
2/26/19,28,1.9,0.5,43.8,37.9
2/27/19,29,1.8,-0.1,48.5,37.8
2/28/19,32,0.6,-1.2,40.6,37.8
3/1/19,28,0.5,-0.1,45,37.9
3/2/19,31,0.9,0.4,30.8,37.8
3/3/19,33,0.4,-0.5,28.4,37.9
3/4/19,29,0,-0.4,27.7,37.8
3/5/19,32,0.2,0.2,29.9,37.8
3/6/19,32,1.5,1.3,49.2,37.8
3/7/19,28,0.6,-0.9,41.8,37.9
3/8/19,24,0.1,-0.5,31.4,38
3/9/19,17,0,-0.1,29.5,37.9
3/10/19,21,0,0,19.8,37.9
3/11/19,22,0,0,18.6,37.9
3/12/19,25,0.1,0.1,34.5,37.9
3/13/19,16,0,-0.1,21.5,38
3/14/19,20,0,0,22,38
3/15/19,24,0,0,5.7,38
3/16/19,28,0,0,6.7,37.9
3/17/19,34,0,0,14.1,38
3/18/19,37,0,0,17.3,37.9
3/19/19,36,0.1,0.1,17,38
3/20/19,35,0,-0.1,29.7,38
3/21/19,29,0,0,17.7,38
3/22/19,26,0.2,0.2,28.1,38
3/23/19,31,0.5,0.3,26.9,38
3/24/19,23,0.1,-0.4,26.1,38
3/25/19,35,0,-0.1,39.8,38
3/26/19,33,0.2,0.2,40.8,38
3/27/19,34,1.3,1.1,44.6,38
3/28/19,22,0.4,-0.9,34.5,38
3/29/19,26,0.1,-0.3,25.5,38.1
3/30/19,24,0,-0.1,14.1,38
3/31/19,30,0.1,0.1,15.1,38
4/1/19,38,0.3,0.2,24.9,38
4/2/19,34,1.1,0.8,31.4,38.1
4/3/19,31,0,-1.1,24.3,38.1
4/4/19,35,0.2,0.2,29.9,38.1
4/5/19,29,0.5,0.3,31.5,38.2
4/6/19,30,0.1,-0.4,49.8,38.1
4/7/19,35,0.1,0,45.8,38.2
4/8/19,40,0.9,0.8,49,38.2
4/9/19,34,0.2,-0.7,37.1,39
4/10/19,24,0,-0.2,21.4,39.1
4/11/19,28,0,0,19,38.8
4/12/19,26,0.1,0.1,15.4,38.7
4/13/19,32,0,-0.1,23,38.6
4/14/19,38,0,0,46.6,38.6
4/15/19,35,0.2,0.2,44,38.4
4/16/19,29,0.4,0.2,31.4,38.4
4/17/19,33,0,-0.4,11.5,38.4
4/18/19,42,0,0,13.7,38.4
4/19/19,48,0,0,23,38.6
4/20/19,44,0,0,43.6,39.5
4/21/19,32,0,0,18.1,39.2
4/22/19,35,0,0,20.8,39
4/23/19,43,0,0,18.2,39
4/24/19,49,0,0,12.5,39.3
4/25/19,47,0,0,25,40
4/26/19,48,0,0,24,40.2
4/27/19,46,0,0,28,40.2
4/28/19,44,0,0,19,40.1
4/29/19,45,0,0,20.1,39.8
4/30/19,37,0,0,46.5,39.9
5/1/19,28,0,0,17,39.5
5/2/19,35,0.1,0.1,16.4,39.2
5/3/19,38,0,-0.1,14.4,39.2
5/4/19,42,0,0,15.7,39.5
5/5/19,42,0.1,0.1,20.5,39.6
5/6/19,45,0.1,0,25.3,39.8
5/7/19,43,0,-0.1,18.8,39.6
5/8/19,44,0,0,13.8,39.9
5/9/19,43,0,0,26.5,39.7
5/10/19,38,0,0,29.2,39.6
5/11/19,45,0.1,0.1,15.5,39.5
5/12/19,48,0,-0.1,19.5,39.7
5/13/19,48,,,,40